gene_id,num_transcript,num_exon,num_uniq_exon
AK6,2,10,6
ALG11,1,4,4
AMELX,3,18,7
ANG,3,6,4
ARGLU1,1,4,4
ARL3,1,1,1
ASIP,1,4,4
BAD,1,4,4
BASP1,2,4,4
BLCAP,6,12,7
C1QTNF4,1,3,3
CCDC101,1,10,10
CD320,1,2,2
CD52,1,2,2
CNBD2,1,3,3
CPLX2,8,36,15
CRCT1,1,2,2
CT62,1,4,4
CUTA,6,38,17
CYSTM1,1,3,3
DEDD,6,37,13
DNAJC5G,1,6,6
DNAJC8,1,10,10
EEF1A1,1,4,4
EID3,1,1,1
ELAC1,1,3,3
ELK4,1,5,5
ELN,1,32,32
EMC6,1,2,2
ENHO,1,2,2
FAM110A,5,11,6
FAM127A,1,1,1
FAM19A1,1,5,5
FAM218A,1,1,1
FAM71C,1,2,2
FBXO24,4,40,14
FKBP11,2,12,8
FPR1,4,10,7
GPR52,1,1,1
GPSM3,2,8,5
HCAR1,1,5,5
HMGA1,9,44,14
HMGA2,1,5,5
HMGN4,3,9,7
HNRNPCL1,1,1,1
HOXB4,1,4,4
HOXC5,1,2,2
HTN1,1,6,6
HYLS1,5,14,9
HYPM,1,1,1
IGLL1,2,5,4
IL31,1,3,3
KAL1,1,6,6
KCNJ13,3,9,5
KIAA0040,3,9,5
KLK2,2,10,7
KRT8,1,2,2
LCE3A,1,2,2
LCE3B,1,1,1
LCE3C,1,1,1
LCE3D,1,2,2
LCE4A,1,1,1
LCE5A,1,2,2
LDLRAD2,1,4,4
LEPROT,2,7,6
LOC105527853,1,2,2
LOC105527860,1,5,5
LOC105527864,1,4,4
LOC105527878,1,2,2
LOC105527889,1,1,1
LOC105527893,1,2,2
LOC105527897,1,2,2
LOC105527900,1,2,2
LOC105527903,2,7,6
LOC105527904,2,6,5
LOC105527914,1,2,2
LOC105527916,1,4,4
LOC105527919,1,1,1
LOC105527922,1,2,2
LOC105527923,1,2,2
LOC105527934,1,2,2
LOC105527944,1,1,1
LOC105527950,1,2,2
LOC105527959,2,6,6
LOC105527960,1,1,1
LOC105527965,1,3,3
LOC105527991,1,2,2
LOC105528007,1,1,1
LOC105528014,1,2,2
LOC105528023,1,2,2
LOC105528050,2,4,4
LOC105528058,1,2,2
LOC105528079,1,2,2
LOC105528080,1,3,3
LOC105528081,1,4,4
LOC105528084,1,1,1
LOC105528092,1,2,2
LOC105528108,1,2,2
LOC105528109,1,1,1
LOC105528116,1,3,3
LOC105528117,1,5,5
LOC105528119,1,3,3
LOC105528123,1,3,3
LOC105528137,1,5,5
LOC105528144,2,7,5
LOC105528148,1,6,6
LOC105528152,1,2,2
LOC105528170,1,1,1
LOC105528177,1,1,1
LOC105528181,1,1,1
LOC105528202,1,2,2
LOC105528208,1,3,3
LOC105528230,1,2,2
LOC105528235,1,1,1
LOC105528255,1,4,4
LOC105528257,1,4,4
LOC105528259,1,2,2
LOC105528265,1,3,3
LOC105528272,1,4,4
LOC105528273,1,2,2
LOC105528274,1,2,2
LOC105528279,1,1,1
LOC105528283,1,2,2
LOC105528296,1,2,2
LOC105528298,1,1,1
LOC105528307,1,4,4
LOC105528318,1,2,2
LOC105528329,1,2,2
LOC105528342,1,1,1
LOC105528372,1,2,2
LOC105528373,1,4,4
LOC105528406,1,1,1
LOC105528410,1,2,2
LOC105528412,1,2,2
LOC105528419,1,4,4
LOC105528424,2,4,4
LOC105528425,1,2,2
LOC105528439,1,1,1
LOC105528441,1,2,2
LOC105528442,2,5,4
LOC105528445,1,3,3
LOC105528450,1,6,6
LOC105528453,1,2,2
LOC105528463,1,2,2
LOC105528470,1,2,2
LOC105528489,1,3,3
LOC105528496,1,2,2
LOC105528507,1,4,4
LOC105528509,1,3,3
LOC105528512,1,3,3
LOC105528515,1,2,2
LOC105528520,1,5,5
LOC105528526,1,2,2
LOC105528528,1,2,2
LOC105528529,1,3,3
LOC105528543,1,3,3
LOC105528544,1,4,4
LOC105528561,1,1,1
LOC105528569,1,2,2
LOC105528573,1,1,1
LOC105528582,1,7,7
LOC105528583,2,4,4
LOC105528590,1,3,3
LOC105528606,1,3,3
LOC105528607,1,4,4
LOC105528608,1,2,2
LOC105528621,1,2,2
LOC105528622,1,3,3
LOC105528638,1,3,3
LOC105528640,1,2,2
LOC105528642,1,3,3
LOC105528643,1,2,2
LOC105528650,1,2,2
LOC105528655,1,3,3
LOC105528661,1,2,2
LOC105528672,1,3,3
LOC105528680,1,2,2
LOC105528681,1,1,1
LOC105528686,1,3,3
LOC105528696,1,3,3
LOC105528706,1,1,1
LOC105528711,1,1,1
LOC105528721,1,2,2
LOC105528730,1,1,1
LOC105528754,1,2,2
LOC105528759,1,2,2
LOC105528761,1,2,2
LOC105528770,1,2,2
LOC105528771,1,1,1
LOC105528776,1,1,1
LOC105528784,1,3,3
LOC105528785,1,3,3
LOC105528787,1,2,2
LOC105528790,1,3,3
LOC105528791,1,1,1
LOC105528797,1,1,1
LOC105528807,1,1,1
LOC105528810,1,2,2
LOC105528818,1,2,2
LOC105528834,1,4,4
LOC105528835,1,3,3
LOC105528860,1,3,3
LOC105528874,1,3,3
LOC105528875,1,1,1
LOC105528883,1,2,2
LOC105528884,1,5,5
LOC105528902,1,1,1
LOC105528909,1,2,2
LOC105528938,1,2,2
LOC105528943,1,3,3
LOC105528945,2,8,5
LOC105528954,1,2,2
LOC105528970,1,2,2
LOC105528973,1,3,3
LOC105529007,1,2,2
LOC105529024,1,3,3
LOC105529035,1,2,2
LOC105529041,1,2,2
LOC105529057,1,5,5
LOC105529061,1,6,6
LOC105529062,1,2,2
LOC105529064,1,2,2
LOC105529065,1,4,4
LOC105529066,1,3,3
LOC105529070,1,2,2
LOC105529071,1,3,3
LOC105529080,2,4,4
LOC105529092,1,2,2
LOC105529098,1,4,4
LOC105529100,1,2,2
LOC105529124,1,2,2
LOC105529128,1,1,1
LOC105529132,1,2,2
LOC105529137,2,5,3
LOC105529139,1,2,2
LOC105529143,1,2,2
LOC105529160,1,3,3
LOC105529162,1,2,2
LOC105529163,1,3,3
LOC105529167,1,1,1
LOC105529175,1,2,2
LOC105529181,1,2,2
LOC105529194,1,3,3
LOC105529196,1,1,1
LOC105529198,1,2,2
LOC105529205,1,2,2
LOC105529207,1,5,5
LOC105529211,1,3,3
LOC105529219,1,4,4
LOC105529224,1,4,4
LOC105529227,1,3,3
LOC105529232,1,6,6
LOC105529234,1,2,2
LOC105529241,1,1,1
LOC105529248,1,2,2
LOC105529250,1,3,3
LOC105529252,1,5,5
LOC105529264,1,3,3
LOC105529265,1,3,3
LOC105529289,1,3,3
LOC105529295,1,1,1
LOC105529304,1,2,2
LOC105529312,1,9,9
LOC105529314,1,1,1
LOC105529315,1,3,3
LOC105529318,1,2,2
LOC105529323,1,1,1
LOC105529328,1,1,1
LOC105529329,1,1,1
LOC105529337,1,1,1
LOC105529341,1,1,1
LOC105529342,1,1,1
LOC105529352,1,1,1
LOC105529359,1,5,5
LOC105529363,1,7,7
LOC105529377,1,2,2
LOC105529378,1,3,3
LOC105529383,1,1,1
LOC105529387,1,3,3
LOC105529389,1,4,4
LOC105529391,1,2,2
LOC105529394,1,3,3
LOC105529398,1,1,1
LOC105529403,1,2,2
LOC105529409,1,2,2
LOC105529419,1,2,2
LOC105529428,1,2,2
LOC105529445,1,2,2
LOC105529447,1,2,2
LOC105529462,1,1,1
LOC105529476,1,2,2
LOC105529488,1,1,1
LOC105529489,1,1,1
LOC105529490,1,2,2
LOC105529497,1,1,1
LOC105529501,1,3,3
LOC105529506,1,1,1
LOC105529508,1,2,2
LOC105529521,1,1,1
LOC105529522,1,5,5
LOC105529527,1,3,3
LOC105529552,1,2,2
LOC105529556,1,1,1
LOC105529558,1,2,2
LOC105529562,1,1,1
LOC105529567,1,1,1
LOC105529587,1,1,1
LOC105529589,1,1,1
LOC105529593,1,2,2
LOC105529595,1,3,3
LOC105529599,1,3,3
LOC105529620,1,1,1
LOC105529631,1,1,1
LOC105529634,1,1,1
LOC105529638,1,2,2
LOC105529639,1,2,2
LOC105529650,1,1,1
LOC105529651,1,3,3
LOC105529664,1,3,3
LOC105529667,1,1,1
LOC105529668,1,3,3
LOC105529694,1,2,2
LOC105529709,1,3,3
LOC105529724,1,2,2
LOC105529735,1,2,2
LOC105529737,1,6,6
LOC105529750,1,2,2
LOC105529765,1,4,4
LOC105529801,1,1,1
LOC105529813,1,1,1
LOC105529827,1,2,2
LOC105529829,1,1,1
LOC105529830,1,2,2
LOC105529831,1,2,2
LOC105529833,1,1,1
LOC105529836,1,2,2
LOC105529853,1,1,1
LOC105529854,1,1,1
LOC105529859,1,3,3
LOC105529862,1,2,2
LOC105529880,1,3,3
LOC105529887,1,3,3
LOC105529888,1,4,4
LOC105529899,1,2,2
LOC105529901,1,2,2
LOC105529908,1,3,3
LOC105529916,1,2,2
LOC105529919,1,1,1
LOC105529932,1,3,3
LOC105529934,1,4,4
LOC105529938,1,3,3
LOC105529952,1,1,1
LOC105529961,1,3,3
LOC105529970,1,5,5
LOC105530004,1,2,2
LOC105530011,2,4,3
LOC105530013,1,1,1
LOC105530021,1,1,1
LOC105530044,1,2,2
LOC105530045,1,2,2
LOC105530064,1,1,1
LOC105530117,1,1,1
LOC105530128,1,8,8
LOC105530129,1,3,3
LOC105530144,1,1,1
LOC105530160,1,1,1
LOC105530161,1,1,1
LOC105530177,1,1,1
LOC105530182,1,1,1
LOC105530189,1,1,1
LOC105530192,1,4,4
LOC105530194,1,4,4
LOC105530195,1,5,5
LOC105530204,1,1,1
LOC105530205,1,1,1
LOC105530207,1,4,4
LOC105530213,1,2,2
LOC105530217,1,2,2
LOC105530222,1,5,5
LOC105530230,1,2,2
LOC105530232,1,1,1
LOC105530244,2,7,6
LOC105530245,1,3,3
LOC105530251,1,3,3
LOC105530255,1,1,1
LOC105530270,1,3,3
LOC105530271,1,3,3
LOC105530292,1,2,2
LOC105530297,1,1,1
LOC105530298,1,1,1
LOC105530300,1,6,6
LOC105530304,1,2,2
LOC105530316,1,1,1
LOC105530319,1,2,2
LOC105530324,1,1,1
LOC105530326,1,2,2
LOC105530332,1,2,2
LOC105530334,1,3,3
LOC105530349,1,1,1
LOC105530350,1,1,1
LOC105530359,1,4,4
LOC105530362,1,3,3
LOC105530365,1,4,4
LOC105530380,1,1,1
LOC105530387,1,2,2
LOC105530390,1,2,2
LOC105530391,1,2,2
LOC105530394,2,5,3
LOC105530399,1,2,2
LOC105530403,1,4,4
LOC105530404,1,2,2
LOC105530405,1,2,2
LOC105530437,1,4,4
LOC105530439,1,3,3
LOC105530455,1,5,5
LOC105530456,1,1,1
LOC105530460,1,2,2
LOC105530466,1,2,2
LOC105530484,1,1,1
LOC105530495,1,1,1
LOC105530501,1,4,4
LOC105530503,1,1,1
LOC105530510,1,1,1
LOC105530516,1,2,2
LOC105530522,1,3,3
LOC105530534,1,3,3
LOC105530539,1,3,3
LOC105530541,1,2,2
LOC105530560,1,1,1
LOC105530568,1,2,2
LOC105530569,1,2,2
LOC105530571,1,3,3
LOC105530588,1,1,1
LOC105530607,1,1,1
LOC105530617,1,5,5
LOC105530621,1,3,3
LOC105530623,1,3,3
LOC105530639,1,2,2
LOC105530640,1,4,4
LOC105530645,1,1,1
LOC105530652,1,6,6
LOC105530680,1,1,1
LOC105530683,1,1,1
LOC105530692,1,6,6
LOC105530693,1,1,1
LOC105530698,1,3,3
LOC105530712,1,1,1
LOC105530716,1,1,1
LOC105530720,1,1,1
LOC105530734,1,1,1
LOC105530746,1,3,3
LOC105530806,1,2,2
LOC105530807,1,4,4
LOC105530820,2,8,5
LOC105530824,1,5,5
LOC105530832,1,1,1
LOC105530866,1,5,5
LOC105530867,1,1,1
LOC105530870,1,1,1
LOC105530872,1,2,2
LOC105530876,1,3,3
LOC105530877,1,3,3
LOC105530883,1,8,8
LOC105530894,1,3,3
LOC105530900,1,1,1
LOC105530902,1,3,3
LOC105530905,1,1,1
LOC105530914,1,3,3
LOC105530915,1,4,4
LOC105530921,1,3,3
LOC105530924,1,2,2
LOC105530927,1,5,5
LOC105530934,1,3,3
LOC105530944,1,1,1
LOC105530968,1,2,2
LOC105530969,1,4,4
LOC105530970,1,2,2
LOC105530973,1,1,1
LOC105530975,1,2,2
LOC105530991,1,1,1
LOC105530992,1,8,8
LOC105531010,1,2,2
LOC105531012,1,3,3
LOC105531013,1,1,1
LOC105531021,1,3,3
LOC105531024,1,2,2
LOC105531039,1,2,2
LOC105531040,1,2,2
LOC105531066,1,4,4
LOC105531068,1,3,3
LOC105531069,1,2,2
LOC105531087,1,5,5
LOC105531090,1,2,2
LOC105531092,1,2,2
LOC105531123,1,3,3
LOC105531124,1,2,2
LOC105531136,1,1,1
LOC105531139,1,5,5
LOC105531145,1,5,5
LOC105531148,1,2,2
LOC105531150,1,1,1
LOC105531154,1,2,2
LOC105531163,1,2,2
LOC105531165,1,3,3
LOC105531173,1,1,1
LOC105531174,1,1,1
LOC105531202,1,3,3
LOC105531204,1,2,2
LOC105531205,1,2,2
LOC105531213,1,6,6
LOC105531216,1,2,2
LOC105531219,1,2,2
LOC105531220,1,1,1
LOC105531226,1,1,1
LOC105531240,1,3,3
LOC105531241,1,1,1
LOC105531244,1,2,2
LOC105531245,1,1,1
LOC105531253,1,4,4
LOC105531254,1,3,3
LOC105531255,2,6,5
LOC105531257,1,4,4
LOC105531263,1,1,1
LOC105531264,1,1,1
LOC105531266,1,3,3
LOC105531270,1,1,1
LOC105531271,1,2,2
LOC105531278,1,3,3
LOC105531285,1,2,2
LOC105531289,1,2,2
LOC105531295,1,2,2
LOC105531303,1,3,3
LOC105531304,1,1,1
LOC105531311,1,1,1
LOC105531317,1,2,2
LOC105531331,1,1,1
LOC105531332,1,2,2
LOC105531341,1,2,2
LOC105531350,1,3,3
LOC105531352,1,3,3
LOC105531356,1,7,7
LOC105531362,1,2,2
LOC105531367,1,2,2
LOC105531382,1,1,1
LOC105531384,1,2,2
LOC105531387,1,2,2
LOC105531388,1,3,3
LOC105531395,1,3,3
LOC105531411,1,3,3
LOC105531413,1,1,1
LOC105531414,1,5,5
LOC105531427,1,3,3
LOC105531435,1,3,3
LOC105531436,1,4,4
LOC105531447,1,4,4
LOC105531460,1,1,1
LOC105531461,1,1,1
LOC105531465,1,4,4
LOC105531476,1,1,1
LOC105531477,1,4,4
LOC105531478,1,2,2
LOC105531479,1,3,3
LOC105531480,1,1,1
LOC105531481,1,2,2
LOC105531482,1,2,2
LOC105531483,1,3,3
LOC105531485,1,2,2
LOC105531489,1,3,3
LOC105531495,1,2,2
LOC105531500,1,3,3
LOC105531519,1,3,3
LOC105531524,1,9,9
LOC105531534,1,3,3
LOC105531536,1,1,1
LOC105531555,1,3,3
LOC105531567,1,2,2
LOC105531583,1,3,3
LOC105531597,1,2,2
LOC105531603,1,2,2
LOC105531604,1,4,4
LOC105531605,1,4,4
LOC105531606,1,2,2
LOC105531607,1,1,1
LOC105531608,1,2,2
LOC105531620,1,1,1
LOC105531622,1,1,1
LOC105531625,1,2,2
LOC105531628,1,2,2
LOC105531638,1,3,3
LOC105531647,1,3,3
LOC105531656,1,10,10
LOC105531661,1,4,4
LOC105531662,1,2,2
LOC105531672,1,4,4
LOC105531685,1,2,2
LOC105531686,1,2,2
LOC105531687,1,2,2
LOC105531708,1,2,2
LOC105531722,1,1,1
LOC105531724,1,2,2
LOC105531729,1,1,1
LOC105531732,1,2,2
LOC105531739,1,2,2
LOC105531753,1,1,1
LOC105531758,1,2,2
LOC105531771,1,3,3
LOC105531779,1,3,3
LOC105531785,1,1,1
LOC105531790,1,3,3
LOC105531799,1,2,2
LOC105531800,1,3,3
LOC105531803,1,2,2
LOC105531807,1,1,1
LOC105531809,1,4,4
LOC105531815,1,3,3
LOC105531816,1,6,6
LOC105531817,1,4,4
LOC105531819,1,4,4
LOC105531820,1,1,1
LOC105531831,1,2,2
LOC105531834,1,1,1
LOC105531838,1,1,1
LOC105531839,1,2,2
LOC105531844,1,3,3
LOC105531847,1,2,2
LOC105531848,1,4,4
LOC105531853,1,1,1
LOC105531858,1,1,1
LOC105531864,1,2,2
LOC105531875,1,1,1
LOC105531876,1,2,2
LOC105531884,1,1,1
LOC105531893,1,2,2
LOC105531896,1,2,2
LOC105531899,1,1,1
LOC105531917,1,2,2
LOC105531924,1,5,5
LOC105531927,1,1,1
LOC105531938,1,2,2
LOC105531962,1,2,2
LOC105531964,1,5,5
LOC105531967,1,1,1
LOC105531970,1,5,5
LOC105531972,1,6,6
LOC105531985,1,5,5
LOC105531988,1,2,2
LOC105532001,1,1,1
LOC105532007,1,1,1
LOC105532015,1,4,4
LOC105532032,1,2,2
LOC105532057,1,4,4
LOC105532060,1,1,1
LOC105532062,5,14,8
LOC105532064,1,4,4
LOC105532071,1,2,2
LOC105532072,1,2,2
LOC105532074,1,4,4
LOC105532098,1,2,2
LOC105532102,1,1,1
LOC105532106,1,1,1
LOC105532110,2,8,5
LOC105532112,1,1,1
LOC105532113,1,2,2
LOC105532116,1,1,1
LOC105532117,1,1,1
LOC105532124,1,3,3
LOC105532125,1,1,1
LOC105532134,1,2,2
LOC105532148,1,1,1
LOC105532153,1,2,2
LOC105532154,1,1,1
LOC105532158,1,3,3
LOC105532165,1,2,2
LOC105532171,1,3,3
LOC105532175,1,2,2
LOC105532189,1,1,1
LOC105532192,1,3,3
LOC105532200,1,1,1
LOC105532204,1,1,1
LOC105532208,1,1,1
LOC105532209,1,2,2
LOC105532216,1,5,5
LOC105532217,1,3,3
LOC105532218,1,2,2
LOC105532225,1,3,3
LOC105532227,1,1,1
LOC105532228,1,1,1
LOC105532258,1,2,2
LOC105532282,1,2,2
LOC105532298,1,1,1
LOC105532317,1,2,2
LOC105532329,1,2,2
LOC105532334,1,1,1
LOC105532336,1,2,2
LOC105532338,1,1,1
LOC105532343,1,1,1
LOC105532344,1,2,2
LOC105532361,1,3,3
LOC105532367,1,1,1
LOC105532373,1,2,2
LOC105532375,1,2,2
LOC105532376,1,2,2
LOC105532377,2,8,6
LOC105532378,1,3,3
LOC105532384,1,1,1
LOC105532385,1,1,1
LOC105532393,1,21,21
LOC105532398,1,2,2
LOC105532408,1,2,2
LOC105532410,1,2,2
LOC105532411,1,2,2
LOC105532414,1,2,2
LOC105532419,1,4,4
LOC105532421,1,3,3
LOC105532423,1,1,1
LOC105532429,1,3,3
LOC105532431,1,3,3
LOC105532432,1,1,1
LOC105532433,1,1,1
LOC105532435,1,1,1
LOC105532451,1,1,1
LOC105532465,1,2,2
LOC105532473,1,3,3
LOC105532476,1,1,1
LOC105532486,1,3,3
LOC105532491,1,3,3
LOC105532493,1,3,3
LOC105532494,1,2,2
LOC105532498,1,1,1
LOC105532501,1,1,1
LOC105532503,1,7,7
LOC105532509,1,1,1
LOC105532511,1,1,1
LOC105532516,1,1,1
LOC105532520,1,6,6
LOC105532522,1,1,1
LOC105532524,1,1,1
LOC105532525,1,2,2
LOC105532529,1,3,3
LOC105532530,1,1,1
LOC105532532,1,7,7
LOC105532535,1,5,5
LOC105532536,1,2,2
LOC105532543,1,3,3
LOC105532544,1,3,3
LOC105532551,1,3,3
LOC105532553,1,4,4
LOC105532557,1,4,4
LOC105532559,1,2,2
LOC105532560,1,2,2
LOC105532564,1,3,3
LOC105532565,1,2,2
LOC105532568,1,3,3
LOC105532571,1,3,3
LOC105532577,1,2,2
LOC105532579,1,2,2
LOC105532592,1,3,3
LOC105532607,1,1,1
LOC105532612,1,1,1
LOC105532614,1,2,2
LOC105532619,1,3,3
LOC105532623,2,12,8
LOC105532629,1,2,2
LOC105532632,1,2,2
LOC105532634,1,1,1
LOC105532637,1,1,1
LOC105532639,1,3,3
LOC105532645,1,2,2
LOC105532662,1,4,4
LOC105532663,1,2,2
LOC105532666,1,2,2
LOC105532668,1,1,1
LOC105532671,1,4,4
LOC105532674,1,1,1
LOC105532683,1,3,3
LOC105532688,1,1,1
LOC105532690,1,1,1
LOC105532695,1,2,2
LOC105532706,1,3,3
LOC105532707,1,6,6
LOC105532717,1,2,2
LOC105532735,1,1,1
LOC105532743,1,1,1
LOC105532746,1,3,3
LOC105532759,1,2,2
LOC105532765,1,3,3
LOC105532771,1,2,2
LOC105532779,1,2,2
LOC105532780,1,1,1
LOC105532794,1,2,2
LOC105532802,1,1,1
LOC105532820,1,2,2
LOC105532821,1,4,4
LOC105532831,1,2,2
LOC105532833,1,2,2
LOC105532849,1,1,1
LOC105532854,1,2,2
LOC105532858,1,3,3
LOC105532859,1,4,4
LOC105532882,1,2,2
LOC105532889,1,2,2
LOC105532894,1,2,2
LOC105532911,1,4,4
LOC105532924,1,3,3
LOC105532925,1,2,2
LOC105532927,1,2,2
LOC105532928,1,2,2
LOC105532930,1,2,2
LOC105532932,1,4,4
LOC105532933,1,2,2
LOC105532936,1,2,2
LOC105532937,1,2,2
LOC105532938,1,2,2
LOC105532939,1,3,3
LOC105532940,1,2,2
LOC105532941,1,3,3
LOC105532943,1,2,2
LOC105532944,1,2,2
LOC105532978,1,2,2
LOC105532985,1,4,4
LOC105533005,1,2,2
LOC105533016,1,1,1
LOC105533019,1,4,4
LOC105533030,1,1,1
LOC105533054,1,2,2
LOC105533057,1,2,2
LOC105533058,1,1,1
LOC105533067,1,4,4
LOC105533070,1,4,4
LOC105533080,1,4,4
LOC105533084,1,1,1
LOC105533096,1,1,1
LOC105533099,1,1,1
LOC105533100,1,2,2
LOC105533102,1,2,2
LOC105533112,1,2,2
LOC105533113,1,2,2
LOC105533115,1,2,2
LOC105533116,1,2,2
LOC105533118,1,3,3
LOC105533119,1,2,2
LOC105533120,1,2,2
LOC105533121,1,2,2
LOC105533122,1,2,2
LOC105533123,1,2,2
LOC105533124,1,2,2
LOC105533126,1,2,2
LOC105533132,1,3,3
LOC105533162,1,3,3
LOC105533166,1,3,3
LOC105533176,1,2,2
LOC105533182,1,1,1
LOC105533187,1,2,2
LOC105533189,1,2,2
LOC105533211,1,2,2
LOC105533215,1,2,2
LOC105533223,1,3,3
LOC105533231,1,2,2
LOC105533239,1,3,3
LOC105533243,1,2,2
LOC105533253,1,16,16
LOC105533260,1,2,2
LOC105533263,1,2,2
LOC105533302,1,2,2
LOC105533309,1,3,3
LOC105533311,2,4,4
LOC105533312,1,3,3
LOC105533339,1,3,3
LOC105533342,1,2,2
LOC105533343,1,3,3
LOC105533353,1,1,1
LOC105533364,1,3,3
LOC105533365,1,2,2
LOC105533386,1,3,3
LOC105533399,1,1,1
LOC105533410,1,3,3
LOC105533411,1,3,3
LOC105533413,1,3,3
LOC105533414,2,6,5
LOC105533416,1,3,3
LOC105533417,1,3,3
LOC105533418,1,3,3
LOC105533420,2,8,6
LOC105533421,1,3,3
LOC105533422,1,3,3
LOC105533423,1,3,3
LOC105533424,2,6,5
LOC105533425,1,2,2
LOC105533427,1,3,3
LOC105533428,1,4,4
LOC105533429,1,3,3
LOC105533430,1,3,3
LOC105533431,1,3,3
LOC105533434,1,2,2
LOC105533438,1,2,2
LOC105533440,1,2,2
LOC105533441,1,5,5
LOC105533447,1,1,1
LOC105533448,1,3,3
LOC105533449,1,3,3
LOC105533470,2,11,6
LOC105533477,1,1,1
LOC105533481,1,2,2
LOC105533513,1,2,2
LOC105533526,1,3,3
LOC105533527,1,10,10
LOC105533534,1,3,3
LOC105533551,1,3,3
LOC105533552,1,2,2
LOC105533553,1,2,2
LOC105533554,1,2,2
LOC105533555,1,2,2
LOC105533556,1,2,2
LOC105533557,1,2,2
LOC105533560,1,3,3
LOC105533561,1,2,2
LOC105533562,1,2,2
LOC105533564,1,2,2
LOC105533567,1,3,3
LOC105533568,1,4,4
LOC105533569,1,2,2
LOC105533570,1,2,2
LOC105533571,1,2,2
LOC105533614,6,22,9
LOC105533618,1,2,2
LOC105533619,1,2,2
LOC105533622,1,4,4
LOC105533625,1,1,1
LOC105533631,1,3,3
LOC105533637,1,3,3
LOC105533639,1,7,7
LOC105533646,1,3,3
LOC105533648,1,2,2
LOC105533649,1,6,6
LOC105533651,1,7,7
LOC105533654,1,9,9
LOC105533659,1,4,4
LOC105533660,1,2,2
LOC105533661,1,3,3
LOC105533675,1,2,2
LOC105533696,1,2,2
LOC105533699,1,3,3
LOC105533700,1,6,6
LOC105533707,1,3,3
LOC105533712,1,1,1
LOC105533719,1,3,3
LOC105533723,1,2,2
LOC105533729,1,2,2
LOC105533734,2,4,3
LOC105533737,1,1,1
LOC105533742,1,2,2
LOC105533755,1,2,2
LOC105533764,1,1,1
LOC105533769,1,1,1
LOC105533772,1,2,2
LOC105533785,1,6,6
LOC105533788,1,1,1
LOC105533789,1,1,1
LOC105533790,1,3,3
LOC105533801,1,2,2
LOC105533807,1,2,2
LOC105533822,1,5,5
LOC105533827,1,2,2
LOC105533864,1,2,2
LOC105533869,1,3,3
LOC105533870,1,1,1
LOC105533872,1,3,3
LOC105533875,1,5,5
LOC105533884,2,8,5
LOC105533893,1,5,5
LOC105533912,1,1,1
LOC105533955,1,2,2
LOC105533959,1,3,3
LOC105533961,1,5,5
LOC105533976,1,2,2
LOC105533992,1,1,1
LOC105533995,1,2,2
LOC105533997,1,2,2
LOC105534019,1,1,1
LOC105534020,1,2,2
LOC105534024,1,3,3
LOC105534032,1,1,1
LOC105534033,1,2,2
LOC105534038,1,4,4
LOC105534046,1,2,2
LOC105534071,1,3,3
LOC105534075,1,1,1
LOC105534076,1,1,1
LOC105534089,1,6,6
LOC105534090,1,3,3
LOC105534093,1,4,4
LOC105534098,1,2,2
LOC105534099,1,3,3
LOC105534100,1,2,2
LOC105534112,1,1,1
LOC105534123,1,1,1
LOC105534130,1,1,1
LOC105534132,1,2,2
LOC105534138,1,2,2
LOC105534156,1,3,3
LOC105534159,1,3,3
LOC105534169,1,3,3
LOC105534171,1,1,1
LOC105534179,1,1,1
LOC105534185,1,2,2
LOC105534186,1,2,2
LOC105534190,1,1,1
LOC105534197,1,4,4
LOC105534204,1,5,5
LOC105534207,1,4,4
LOC105534209,1,2,2
LOC105534211,1,1,1
LOC105534214,1,1,1
LOC105534226,1,1,1
LOC105534228,1,4,4
LOC105534231,1,2,2
LOC105534235,1,1,1
LOC105534239,1,2,2
LOC105534245,1,1,1
LOC105534255,1,2,2
LOC105534257,1,3,3
LOC105534263,1,3,3
LOC105534264,1,2,2
LOC105534265,1,3,3
LOC105534281,1,1,1
LOC105534290,1,2,2
LOC105534296,1,2,2
LOC105534297,1,1,1
LOC105534312,1,1,1
LOC105534323,1,2,2
LOC105534327,1,2,2
LOC105534334,1,1,1
LOC105534336,1,1,1
LOC105534343,1,1,1
LOC105534344,1,3,3
LOC105534346,1,1,1
LOC105534350,1,3,3
LOC105534362,1,2,2
LOC105534363,1,2,2
LOC105534365,1,3,3
LOC105534368,1,2,2
LOC105534372,1,2,2
LOC105534374,1,2,2
LOC105534375,1,2,2
LOC105534377,1,1,1
LOC105534388,1,1,1
LOC105534390,1,1,1
LOC105534392,1,1,1
LOC105534408,1,1,1
LOC105534410,1,2,2
LOC105534412,1,3,3
LOC105534414,1,2,2
LOC105534420,1,1,1
LOC105534429,1,3,3
LOC105534444,1,2,2
LOC105534445,1,4,4
LOC105534448,1,1,1
LOC105534457,1,3,3
LOC105534458,1,3,3
LOC105534465,1,3,3
LOC105534467,1,7,7
LOC105534480,1,2,2
LOC105534483,1,7,7
LOC105534484,1,7,7
LOC105534485,1,6,6
LOC105534490,1,2,2
LOC105534493,1,1,1
LOC105534494,1,2,2
LOC105534495,1,2,2
LOC105534496,1,1,1
LOC105534498,1,4,4
LOC105534505,1,3,3
LOC105534507,1,1,1
LOC105534508,1,3,3
LOC105534516,1,2,2
LOC105534522,1,1,1
LOC105534530,1,6,6
LOC105534541,1,4,4
LOC105534544,1,1,1
LOC105534547,1,2,2
LOC105534553,1,4,4
LOC105534563,1,3,3
LOC105534566,1,4,4
LOC105534585,1,2,2
LOC105534586,3,10,8
LOC105534621,1,2,2
LOC105534642,1,3,3
LOC105534646,1,3,3
LOC105534659,1,1,1
LOC105534660,1,2,2
LOC105534668,1,1,1
LOC105534678,1,1,1
LOC105534680,1,1,1
LOC105534682,1,2,2
LOC105534684,1,1,1
LOC105534687,1,2,2
LOC105534701,1,3,3
LOC105534710,1,3,3
LOC105534728,1,2,2
LOC105534729,1,2,2
LOC105534733,1,3,3
LOC105534740,1,1,1
LOC105534754,1,2,2
LOC105534760,1,3,3
LOC105534768,1,3,3
LOC105534795,1,2,2
LOC105534798,1,2,2
LOC105534799,1,1,1
LOC105534801,1,1,1
LOC105534827,1,3,3
LOC105534828,1,2,2
LOC105534842,1,1,1
LOC105534844,2,3,3
LOC105534847,1,1,1
LOC105534849,1,2,2
LOC105534875,1,2,2
LOC105534876,1,2,2
LOC105534884,1,1,1
LOC105534886,1,1,1
LOC105534910,1,2,2
LOC105534912,1,2,2
LOC105534915,1,2,2
LOC105534922,1,3,3
LOC105534923,2,6,5
LOC105534924,1,3,3
LOC105534927,1,1,1
LOC105534931,1,4,4
LOC105534933,1,4,4
LOC105534949,1,3,3
LOC105534965,1,3,3
LOC105534966,1,1,1
LOC105534968,3,14,8
LOC105534969,1,1,1
LOC105534970,1,5,5
LOC105534973,1,4,4
LOC105534976,1,1,1
LOC105534977,1,4,4
LOC105534985,1,2,2
LOC105534990,1,2,2
LOC105534993,1,3,3
LOC105535010,1,2,2
LOC105535015,1,7,7
LOC105535031,1,3,3
LOC105535036,1,2,2
LOC105535055,1,2,2
LOC105535072,1,2,2
LOC105535089,1,4,4
LOC105535092,1,3,3
LOC105535099,1,4,4
LOC105535108,1,4,4
LOC105535123,1,2,2
LOC105535126,1,2,2
LOC105535128,1,3,3
LOC105535129,1,2,2
LOC105535130,1,2,2
LOC105535131,1,2,2
LOC105535133,1,2,2
LOC105535134,1,2,2
LOC105535135,1,3,3
LOC105535136,1,2,2
LOC105535137,1,2,2
LOC105535138,1,2,2
LOC105535139,1,2,2
LOC105535140,1,2,2
LOC105535143,1,2,2
LOC105535144,1,2,2
LOC105535150,1,1,1
LOC105535173,1,1,1
LOC105535175,1,6,6
LOC105535176,1,6,6
LOC105535177,1,8,8
LOC105535189,1,1,1
LOC105535192,1,1,1
LOC105535203,1,3,3
LOC105535205,1,3,3
LOC105535206,1,1,1
LOC105535207,1,2,2
LOC105535208,1,2,2
LOC105535210,1,1,1
LOC105535230,1,2,2
LOC105535233,1,2,2
LOC105535244,1,2,2
LOC105535245,1,3,3
LOC105535258,1,3,3
LOC105535261,1,3,3
LOC105535262,1,2,2
LOC105535263,1,4,4
LOC105535273,1,2,2
LOC105535281,1,2,2
LOC105535282,1,2,2
LOC105535286,1,3,3
LOC105535292,1,3,3
LOC105535300,1,3,3
LOC105535310,1,7,7
LOC105535315,1,5,5
LOC105535324,1,2,2
LOC105535327,1,1,1
LOC105535329,1,4,4
LOC105535330,1,2,2
LOC105535347,1,1,1
LOC105535353,1,2,2
LOC105535359,1,2,2
LOC105535366,1,2,2
LOC105535376,1,4,4
LOC105535385,1,2,2
LOC105535386,1,8,8
LOC105535407,1,2,2
LOC105535424,1,1,1
LOC105535435,1,3,3
LOC105535444,1,3,3
LOC105535459,1,2,2
LOC105535467,1,3,3
LOC105535468,1,3,3
LOC105535471,1,2,2
LOC105535473,1,2,2
LOC105535474,1,2,2
LOC105535482,1,1,1
LOC105535483,1,1,1
LOC105535494,1,1,1
LOC105535500,1,2,2
LOC105535501,1,3,3
LOC105535503,1,5,5
LOC105535504,1,3,3
LOC105535505,1,3,3
LOC105535509,1,4,4
LOC105535511,1,3,3
LOC105535514,1,3,3
LOC105535515,1,3,3
LOC105535534,1,3,3
LOC105535543,1,3,3
LOC105535544,1,3,3
LOC105535545,1,4,4
LOC105535552,1,12,12
LOC105535559,2,9,6
LOC105535566,1,3,3
LOC105535571,1,2,2
LOC105535578,1,1,1
LOC105535579,1,2,2
LOC105535581,1,1,1
LOC105535587,1,3,3
LOC105535590,1,3,3
LOC105535591,1,5,5
LOC105535595,1,5,5
LOC105535606,1,1,1
LOC105535616,2,4,4
LOC105535618,1,2,2
LOC105535620,1,3,3
LOC105535622,1,3,3
LOC105535624,1,4,4
LOC105535627,1,3,3
LOC105535630,1,2,2
LOC105535637,2,6,6
LOC105535638,1,4,4
LOC105535643,1,2,2
LOC105535650,1,2,2
LOC105535661,1,3,3
LOC105535664,1,3,3
LOC105535668,1,1,1
LOC105535669,1,4,4
LOC105535670,1,1,1
LOC105535684,1,3,3
LOC105535685,1,4,4
LOC105535691,1,2,2
LOC105535692,1,3,3
LOC105535693,1,1,1
LOC105535705,1,3,3
LOC105535706,1,3,3
LOC105535707,1,4,4
LOC105535711,2,4,4
LOC105535723,1,1,1
LOC105535724,1,3,3
LOC105535726,1,2,2
LOC105535732,1,1,1
LOC105535770,1,3,3
LOC105535773,1,1,1
LOC105535779,1,1,1
LOC105535782,1,5,5
LOC105535783,1,6,6
LOC105535790,1,3,3
LOC105535813,1,1,1
LOC105535814,1,2,2
LOC105535822,1,3,3
LOC105535824,1,2,2
LOC105535826,1,2,2
LOC105535844,1,2,2
LOC105535850,1,2,2
LOC105535863,1,2,2
LOC105535866,1,4,4
LOC105535868,1,3,3
LOC105535892,1,1,1
LOC105535904,1,3,3
LOC105535908,1,1,1
LOC105535909,1,3,3
LOC105535929,1,2,2
LOC105535933,1,3,3
LOC105535935,1,2,2
LOC105535937,1,2,2
LOC105535945,1,1,1
LOC105535949,1,1,1
LOC105535955,1,2,2
LOC105535956,1,1,1
LOC105535974,1,1,1
LOC105535975,1,1,1
LOC105535984,1,7,7
LOC105535985,1,5,5
LOC105535992,1,2,2
LOC105535994,1,2,2
LOC105535998,1,2,2
LOC105535999,1,3,3
LOC105536013,1,1,1
LOC105536028,1,6,6
LOC105536051,4,20,9
LOC105536058,1,1,1
LOC105536060,1,5,5
LOC105536065,1,2,2
LOC105536078,1,4,4
LOC105536079,1,4,4
LOC105536080,1,5,5
LOC105536081,1,3,3
LOC105536098,1,3,3
LOC105536125,1,2,2
LOC105536132,1,3,3
LOC105536133,1,1,1
LOC105536134,2,3,3
LOC105536137,1,1,1
LOC105536166,1,1,1
LOC105536168,1,1,1
LOC105536172,1,1,1
LOC105536174,1,2,2
LOC105536175,1,1,1
LOC105536176,1,2,2
LOC105536184,1,2,2
LOC105536198,1,8,8
LOC105536222,1,5,5
LOC105536229,1,1,1
LOC105536236,1,1,1
LOC105536237,1,2,2
LOC105536242,1,1,1
LOC105536245,1,4,4
LOC105536268,1,2,2
LOC105536270,1,2,2
LOC105536273,1,2,2
LOC105536278,1,2,2
LOC105536290,1,2,2
LOC105536304,1,2,2
LOC105536366,1,2,2
LOC105536371,1,2,2
LOC105536382,1,3,3
LOC105536383,1,2,2
LOC105536384,1,2,2
LOC105536385,1,2,2
LOC105536388,1,3,3
LOC105536390,1,2,2
LOC105536392,1,4,4
LOC105536395,1,2,2
LOC105536400,1,2,2
LOC105536403,1,6,6
LOC105536406,1,1,1
LOC105536411,1,2,2
LOC105536424,1,7,7
LOC105536427,1,2,2
LOC105536431,2,11,6
LOC105536433,1,1,1
LOC105536447,1,1,1
LOC105536450,1,8,8
LOC105536457,1,2,2
LOC105536458,1,3,3
LOC105536459,1,2,2
LOC105536460,1,2,2
LOC105536461,1,4,4
LOC105536462,1,4,4
LOC105536463,1,1,1
LOC105536464,1,2,2
LOC105536465,1,2,2
LOC105536466,1,7,7
LOC105536467,1,2,2
LOC105536468,1,2,2
LOC105536469,1,2,2
LOC105536471,1,2,2
LOC105536472,1,2,2
LOC105536473,1,5,5
LOC105536475,1,2,2
LOC105536476,1,2,2
LOC105536479,1,3,3
LOC105536480,1,2,2
LOC105536481,1,2,2
LOC105536482,1,2,2
LOC105536484,1,2,2
LOC105536486,1,4,4
LOC105536495,1,1,1
LOC105536498,1,2,2
LOC105536509,1,2,2
LOC105536511,1,2,2
LOC105536512,1,3,3
LOC105536513,1,2,2
LOC105536514,1,4,4
LOC105536527,1,1,1
LOC105536542,1,4,4
LOC105536545,1,3,3
LOC105536546,1,1,1
LOC105536551,2,9,7
LOC105536553,1,3,3
LOC105536594,1,4,4
LOC105536599,1,3,3
LOC105536602,1,4,4
LOC105536625,1,1,1
LOC105536631,2,6,5
LOC105536634,1,1,1
LOC105536662,1,2,2
LOC105536663,1,3,3
LOC105536678,1,2,2
LOC105536680,1,2,2
LOC105536688,1,2,2
LOC105536710,1,2,2
LOC105536773,1,2,2
LOC105536775,1,2,2
LOC105536776,1,2,2
LOC105536778,1,3,3
LOC105536779,1,2,2
LOC105536780,1,2,2
LOC105536781,1,2,2
LOC105536782,1,3,3
LOC105536783,1,2,2
LOC105536818,1,2,2
LOC105536819,1,2,2
LOC105536820,1,2,2
LOC105536821,1,2,2
LOC105536824,1,2,2
LOC105536825,1,3,3
LOC105536826,1,2,2
LOC105536827,1,4,4
LOC105536828,1,2,2
LOC105536829,1,2,2
LOC105536830,1,2,2
LOC105536832,1,2,2
LOC105536833,1,2,2
LOC105536834,3,9,5
LOC105536835,1,2,2
LOC105536836,1,1,1
LOC105536839,1,1,1
LOC105536840,1,4,4
LOC105536857,1,4,4
LOC105536862,1,3,3
LOC105536871,1,2,2
LOC105536888,1,1,1
LOC105536892,1,2,2
LOC105536897,1,1,1
LOC105536904,1,2,2
LOC105536911,2,10,8
LOC105536921,1,2,2
LOC105536926,1,2,2
LOC105536927,1,3,3
LOC105536929,1,2,2
LOC105536933,1,1,1
LOC105536938,1,3,3
LOC105536941,1,3,3
LOC105536947,1,1,1
LOC105536963,1,2,2
LOC105536966,1,3,3
LOC105536972,1,2,2
LOC105536977,1,3,3
LOC105536981,1,2,2
LOC105536989,1,2,2
LOC105536992,1,3,3
LOC105536995,1,1,1
LOC105536998,1,1,1
LOC105537004,1,5,5
LOC105537007,1,1,1
LOC105537008,1,3,3
LOC105537009,1,1,1
LOC105537018,1,1,1
LOC105537025,1,10,10
LOC105537028,1,2,2
LOC105537035,1,2,2
LOC105537037,1,2,2
LOC105537045,1,2,2
LOC105537052,1,1,1
LOC105537054,1,2,2
LOC105537055,1,2,2
LOC105537069,1,1,1
LOC105537071,1,1,1
LOC105537075,1,3,3
LOC105537088,1,5,5
LOC105537089,1,1,1
LOC105537091,1,2,2
LOC105537098,1,4,4
LOC105537102,1,3,3
LOC105537107,1,4,4
LOC105537108,1,4,4
LOC105537126,1,1,1
LOC105537129,1,4,4
LOC105537131,1,2,2
LOC105537150,1,7,7
LOC105537151,1,8,8
LOC105537152,1,1,1
LOC105537156,1,2,2
LOC105537166,1,2,2
LOC105537170,2,11,8
LOC105537187,1,3,3
LOC105537188,1,3,3
LOC105537205,2,6,4
LOC105537210,1,2,2
LOC105537220,1,2,2
LOC105537226,1,2,2
LOC105537227,1,3,3
LOC105537237,1,2,2
LOC105537241,1,2,2
LOC105537252,1,6,6
LOC105537260,1,6,6
LOC105537263,1,3,3
LOC105537264,1,5,5
LOC105537265,1,2,2
LOC105537269,1,2,2
LOC105537272,1,2,2
LOC105537291,1,2,2
LOC105537298,1,3,3
LOC105537306,1,2,2
LOC105537309,1,3,3
LOC105537318,1,2,2
LOC105537327,1,2,2
LOC105537332,1,1,1
LOC105537335,1,2,2
LOC105537339,1,4,4
LOC105537340,1,2,2
LOC105537345,1,3,3
LOC105537353,1,1,1
LOC105537354,1,3,3
LOC105537359,1,3,3
LOC105537364,1,2,2
LOC105537366,1,4,4
LOC105537371,1,10,10
LOC105537379,1,2,2
LOC105537387,1,7,7
LOC105537388,1,2,2
LOC105537389,1,2,2
LOC105537393,1,5,5
LOC105537396,1,2,2
LOC105537401,1,2,2
LOC105537407,1,2,2
LOC105537420,1,2,2
LOC105537421,1,2,2
LOC105537422,1,4,4
LOC105537423,1,3,3
LOC105537425,1,3,3
LOC105537445,1,2,2
LOC105537458,1,3,3
LOC105537464,1,3,3
LOC105537466,1,2,2
LOC105537468,1,1,1
LOC105537471,1,2,2
LOC105537475,1,3,3
LOC105537476,1,3,3
LOC105537479,1,4,4
LOC105537485,1,2,2
LOC105537499,2,4,4
LOC105537519,1,2,2
LOC105537524,1,3,3
LOC105537532,1,3,3
LOC105537535,1,4,4
LOC105537544,1,1,1
LOC105537545,1,1,1
LOC105537546,1,1,1
LOC105537551,1,2,2
LOC105537561,1,3,3
LOC105537562,1,1,1
LOC105537571,1,2,2
LOC105537572,1,3,3
LOC105537574,1,3,3
LOC105537577,1,3,3
LOC105537584,1,2,2
LOC105537602,1,4,4
LOC105537605,1,2,2
LOC105537614,1,1,1
LOC105537615,1,2,2
LOC105537626,1,3,3
LOC105537627,1,3,3
LOC105537629,1,3,3
LOC105537631,1,3,3
LOC105537634,1,4,4
LOC105537635,1,1,1
LOC105537638,1,2,2
LOC105537639,1,1,1
LOC105537640,1,4,4
LOC105537641,1,1,1
LOC105537654,1,1,1
LOC105537656,1,2,2
LOC105537663,1,2,2
LOC105537666,1,2,2
LOC105537672,1,2,2
LOC105537675,1,3,3
LOC105537677,1,4,4
LOC105537687,1,4,4
LOC105537689,1,3,3
LOC105537697,1,2,2
LOC105537698,1,2,2
LOC105537699,1,2,2
LOC105537702,1,2,2
LOC105537705,1,5,5
LOC105537706,1,3,3
LOC105537707,1,1,1
LOC105537710,1,6,6
LOC105537715,1,2,2
LOC105537718,1,3,3
LOC105537732,1,1,1
LOC105537733,1,5,5
LOC105537734,1,1,1
LOC105537741,1,4,4
LOC105537754,1,1,1
LOC105537759,1,1,1
LOC105537764,2,6,4
LOC105537771,1,3,3
LOC105537792,1,2,2
LOC105537795,1,3,3
LOC105537797,1,3,3
LOC105537802,1,2,2
LOC105537821,1,3,3
LOC105537822,1,2,2
LOC105537824,1,3,3
LOC105537834,1,6,6
LOC105537843,1,2,2
LOC105537848,1,1,1
LOC105537849,1,4,4
LOC105537852,1,2,2
LOC105537854,1,2,2
LOC105537860,1,4,4
LOC105537865,1,2,2
LOC105537870,1,2,2
LOC105537873,1,2,2
LOC105537896,1,5,5
LOC105537898,1,1,1
LOC105537899,1,2,2
LOC105537901,1,2,2
LOC105537904,1,1,1
LOC105537905,1,2,2
LOC105537906,1,3,3
LOC105537907,1,8,8
LOC105537911,1,2,2
LOC105537919,1,3,3
LOC105537924,1,1,1
LOC105537951,1,2,2
LOC105537955,1,4,4
LOC105537959,1,1,1
LOC105537962,1,3,3
LOC105537964,1,2,2
LOC105537967,1,3,3
LOC105537969,1,2,2
LOC105537971,1,3,3
LOC105537972,1,1,1
LOC105537973,1,3,3
LOC105537983,1,1,1
LOC105537988,1,3,3
LOC105537998,1,1,1
LOC105538001,2,5,4
LOC105538005,1,2,2
LOC105538007,1,1,1
LOC105538014,1,4,4
LOC105538033,1,5,5
LOC105538037,1,1,1
LOC105538045,2,7,5
LOC105538047,1,3,3
LOC105538048,1,2,2
LOC105538049,1,1,1
LOC105538051,2,6,4
LOC105538052,1,2,2
LOC105538053,1,2,2
LOC105538059,1,1,1
LOC105538060,1,3,3
LOC105538065,1,2,2
LOC105538068,1,3,3
LOC105538070,1,2,2
LOC105538080,1,2,2
LOC105538101,1,3,3
LOC105538110,1,2,2
LOC105538114,1,1,1
LOC105538125,1,1,1
LOC105538131,1,4,4
LOC105538134,1,1,1
LOC105538137,1,2,2
LOC105538141,1,3,3
LOC105538153,1,2,2
LOC105538160,1,2,2
LOC105538169,1,1,1
LOC105538170,1,1,1
LOC105538174,1,2,2
LOC105538182,1,2,2
LOC105538185,1,4,4
LOC105538186,1,1,1
LOC105538188,1,2,2
LOC105538190,1,2,2
LOC105538191,1,2,2
LOC105538204,1,2,2
LOC105538205,1,2,2
LOC105538206,1,6,6
LOC105538207,1,3,3
LOC105538208,2,8,6
LOC105538216,1,1,1
LOC105538217,1,3,3
LOC105538219,1,5,5
LOC105538224,1,1,1
LOC105538226,1,2,2
LOC105538229,1,2,2
LOC105538236,1,2,2
LOC105538239,1,2,2
LOC105538240,1,2,2
LOC105538248,1,2,2
LOC105538249,1,4,4
LOC105538250,1,3,3
LOC105538252,1,1,1
LOC105538255,1,2,2
LOC105538260,1,2,2
LOC105538276,1,2,2
LOC105538283,1,3,3
LOC105538292,1,1,1
LOC105538300,1,1,1
LOC105538305,1,3,3
LOC105538311,1,1,1
LOC105538321,1,2,2
LOC105538340,1,2,2
LOC105538341,2,7,5
LOC105538351,1,1,1
LOC105538361,1,2,2
LOC105538363,1,1,1
LOC105538365,1,2,2
LOC105538369,1,2,2
LOC105538370,1,4,4
LOC105538377,1,3,3
LOC105538379,1,1,1
LOC105538380,1,1,1
LOC105538384,1,2,2
LOC105538385,1,8,8
LOC105538404,1,3,3
LOC105538410,1,1,1
LOC105538415,1,1,1
LOC105538423,1,3,3
LOC105538425,1,3,3
LOC105538427,1,1,1
LOC105538430,1,4,4
LOC105538431,1,2,2
LOC105538439,1,2,2
LOC105538449,1,3,3
LOC105538452,1,1,1
LOC105538456,1,3,3
LOC105538464,1,3,3
LOC105538480,1,4,4
LOC105538492,1,3,3
LOC105538493,1,1,1
LOC105538498,1,3,3
LOC105538500,1,2,2
LOC105538503,1,3,3
LOC105538506,2,10,6
LOC105538507,1,2,2
LOC105538509,1,2,2
LOC105538532,1,2,2
LOC105538533,1,1,1
LOC105538538,1,4,4
LOC105538540,1,3,3
LOC105538541,1,1,1
LOC105538542,1,4,4
LOC105538548,1,3,3
LOC105538550,1,2,2
LOC105538556,1,2,2
LOC105538557,1,3,3
LOC105538570,1,3,3
LOC105538572,1,1,1
LOC105538576,1,1,1
LOC105538577,1,2,2
LOC105538586,1,3,3
LOC105538618,1,1,1
LOC105538626,1,11,11
LOC105538630,1,9,9
LOC105538631,1,1,1
LOC105538638,1,7,7
LOC105538645,1,7,7
LOC105538654,1,3,3
LOC105538655,1,1,1
LOC105538657,1,2,2
LOC105538663,1,3,3
LOC105538667,1,3,3
LOC105538668,1,5,5
LOC105538675,2,8,5
LOC105538683,1,2,2
LOC105538691,1,5,5
LOC105538699,1,2,2
LOC105538711,1,2,2
LOC105538718,1,1,1
LOC105538727,1,3,3
LOC105538729,1,3,3
LOC105538733,1,3,3
LOC105538745,1,4,4
LOC105538754,1,3,3
LOC105538755,1,4,4
LOC105538765,1,2,2
LOC105538768,1,2,2
LOC105538772,1,2,2
LOC105538780,1,1,1
LOC105538789,1,1,1
LOC105538790,1,1,1
LOC105538792,1,4,4
LOC105538799,1,2,2
LOC105538804,1,2,2
LOC105538808,1,3,3
LOC105538830,1,2,2
LOC105538835,1,1,1
LOC105538843,1,4,4
LOC105538844,1,1,1
LOC105538865,1,3,3
LOC105538867,1,1,1
LOC105538874,1,2,2
LOC105538879,1,3,3
LOC105538885,1,2,2
LOC105538899,1,2,2
LOC105538919,1,3,3
LOC105538925,1,1,1
LOC105538926,1,6,6
LOC105538934,1,3,3
LOC105538938,1,1,1
LOC105538940,1,7,7
LOC105538970,2,5,4
LOC105538971,1,2,2
LOC105538973,1,2,2
LOC105539004,1,8,8
LOC105539012,1,1,1
LOC105539014,1,2,2
LOC105539054,2,4,3
LOC105539066,1,15,15
LOC105539071,1,3,3
LOC105539086,1,3,3
LOC105539099,1,3,3
LOC105539102,1,3,3
LOC105539103,1,3,3
LOC105539115,1,3,3
LOC105539127,1,3,3
LOC105539133,1,1,1
LOC105539137,1,2,2
LOC105539139,1,2,2
LOC105539161,1,3,3
LOC105539189,1,2,2
LOC105539203,1,8,8
LOC105539216,1,2,2
LOC105539219,1,2,2
LOC105539220,1,2,2
LOC105539228,1,1,1
LOC105539232,1,2,2
LOC105539233,1,4,4
LOC105539249,1,2,2
LOC105539255,1,3,3
LOC105539256,1,3,3
LOC105539257,2,5,4
LOC105539261,1,2,2
LOC105539274,1,2,2
LOC105539290,1,1,1
LOC105539296,1,2,2
LOC105539302,1,1,1
LOC105539310,1,2,2
LOC105539313,1,4,4
LOC105539315,1,6,6
LOC105539324,1,1,1
LOC105539325,1,4,4
LOC105539328,1,1,1
LOC105539339,1,1,1
LOC105539341,1,2,2
LOC105539344,1,1,1
LOC105539346,2,3,3
LOC105539347,1,2,2
LOC105539352,1,3,3
LOC105539370,1,2,2
LOC105539391,1,2,2
LOC105539392,1,1,1
LOC105539393,1,1,1
LOC105539402,1,2,2
LOC105539409,1,1,1
LOC105539434,1,2,2
LOC105539437,2,8,5
LOC105539438,1,2,2
LOC105539443,1,2,2
LOC105539445,1,2,2
LOC105539458,1,3,3
LOC105539459,1,2,2
LOC105539460,1,2,2
LOC105539472,1,1,1
LOC105539478,1,2,2
LOC105539485,1,2,2
LOC105539501,1,4,4
LOC105539503,1,1,1
LOC105539506,1,2,2
LOC105539512,1,1,1
LOC105539522,1,3,3
LOC105539529,1,2,2
LOC105539550,1,3,3
LOC105539556,1,5,5
LOC105539560,1,3,3
LOC105539562,1,1,1
LOC105539564,1,7,7
LOC105539585,1,2,2
LOC105539587,1,2,2
LOC105539589,1,4,4
LOC105539593,1,1,1
LOC105539607,1,1,1
LOC105539609,1,4,4
LOC105539611,2,5,5
LOC105539614,1,2,2
LOC105539623,1,4,4
LOC105539626,1,1,1
LOC105539632,1,1,1
LOC105539633,1,2,2
LOC105539639,1,1,1
LOC105539645,1,1,1
LOC105539660,1,1,1
LOC105539672,1,5,5
LOC105539681,1,3,3
LOC105539682,2,8,6
LOC105539704,1,1,1
LOC105539726,1,1,1
LOC105539729,1,3,3
LOC105539736,1,3,3
LOC105539743,1,6,6
LOC105539745,1,3,3
LOC105539754,1,1,1
LOC105539755,1,1,1
LOC105539756,1,1,1
LOC105539777,1,3,3
LOC105539778,1,2,2
LOC105539785,1,9,9
LOC105539790,1,1,1
LOC105539791,1,2,2
LOC105539814,1,3,3
LOC105539815,1,3,3
LOC105539818,1,1,1
LOC105539819,1,1,1
LOC105539829,1,2,2
LOC105539843,1,2,2
LOC105539846,1,3,3
LOC105539874,1,3,3
LOC105539878,1,3,3
LOC105539887,1,3,3
LOC105539888,1,4,4
LOC105539891,1,3,3
LOC105539893,1,3,3
LOC105539900,1,1,1
LOC105539911,1,3,3
LOC105539914,1,3,3
LOC105539916,1,2,2
LOC105539917,1,4,4
LOC105539918,1,3,3
LOC105539921,1,4,4
LOC105539934,1,2,2
LOC105539936,1,2,2
LOC105539941,1,3,3
LOC105539947,1,2,2
LOC105539950,1,1,1
LOC105539963,1,2,2
LOC105539997,1,2,2
LOC105540025,1,1,1
LOC105540030,1,1,1
LOC105540033,1,2,2
LOC105540035,1,1,1
LOC105540036,1,1,1
LOC105540042,1,2,2
LOC105540046,1,3,3
LOC105540051,1,2,2
LOC105540054,1,2,2
LOC105540057,1,2,2
LOC105540062,1,1,1
LOC105540063,1,1,1
LOC105540075,1,2,2
LOC105540077,1,2,2
LOC105540078,1,2,2
LOC105540089,1,2,2
LOC105540110,1,2,2
LOC105540128,1,12,12
LOC105540130,1,3,3
LOC105540137,1,2,2
LOC105540140,1,1,1
LOC105540146,1,3,3
LOC105540151,1,2,2
LOC105540154,1,3,3
LOC105540155,1,3,3
LOC105540156,1,1,1
LOC105540170,1,1,1
LOC105540179,1,2,2
LOC105540180,1,4,4
LOC105540183,1,2,2
LOC105540186,1,2,2
LOC105540188,1,3,3
LOC105540190,1,2,2
LOC105540201,1,1,1
LOC105540208,2,4,4
LOC105540223,1,1,1
LOC105540227,1,2,2
LOC105540232,1,5,5
LOC105540237,1,3,3
LOC105540243,1,2,2
LOC105540247,1,1,1
LOC105540248,1,2,2
LOC105540263,1,1,1
LOC105540270,1,3,3
LOC105540277,2,6,5
LOC105540286,1,2,2
LOC105540294,1,1,1
LOC105540312,1,2,2
LOC105540323,1,1,1
LOC105540332,1,1,1
LOC105540338,1,2,2
LOC105540352,1,2,2
LOC105540355,1,1,1
LOC105540357,1,1,1
LOC105540365,1,2,2
LOC105540370,1,2,2
LOC105540376,1,4,4
LOC105540386,1,1,1
LOC105540399,1,1,1
LOC105540401,1,1,1
LOC105540407,1,1,1
LOC105540410,1,2,2
LOC105540412,1,3,3
LOC105540415,1,1,1
LOC105540445,1,1,1
LOC105540452,1,1,1
LOC105540457,1,2,2
LOC105540466,1,4,4
LOC105540490,1,2,2
LOC105540500,1,2,2
LOC105540503,1,1,1
LOC105540505,1,2,2
LOC105540509,1,3,3
LOC105540514,1,1,1
LOC105540518,1,2,2
LOC105540529,1,2,2
LOC105540532,1,1,1
LOC105540536,1,1,1
LOC105540537,1,1,1
LOC105540542,1,3,3
LOC105540552,1,1,1
LOC105540559,1,5,5
LOC105540571,1,1,1
LOC105540572,1,4,4
LOC105540576,1,1,1
LOC105540591,1,2,2
LOC105540593,1,4,4
LOC105540594,1,1,1
LOC105540596,1,1,1
LOC105540610,2,5,5
LOC105540611,1,3,3
LOC105540620,1,2,2
LOC105540636,1,2,2
LOC105540640,1,3,3
LOC105540641,1,2,2
LOC105540642,1,1,1
LOC105540643,1,3,3
LOC105540644,1,3,3
LOC105540648,1,3,3
LOC105540653,1,4,4
LOC105540666,1,2,2
LOC105540671,2,4,3
LOC105540676,1,2,2
LOC105540678,1,3,3
LOC105540680,1,1,1
LOC105540686,1,1,1
LOC105540690,1,1,1
LOC105540694,1,2,2
LOC105540696,1,3,3
LOC105540697,1,1,1
LOC105540700,1,2,2
LOC105540706,1,1,1
LOC105540707,1,2,2
LOC105540714,1,6,6
LOC105540715,2,7,6
LOC105540725,1,2,2
LOC105540732,1,5,5
LOC105540733,1,10,10
LOC105540751,1,1,1
LOC105540753,1,8,8
LOC105540754,1,3,3
LOC105540759,1,3,3
LOC105540764,1,4,4
LOC105540767,1,2,2
LOC105540806,1,3,3
LOC105540811,1,1,1
LOC105540818,1,1,1
LOC105540825,1,1,1
LOC105540834,1,3,3
LOC105540835,1,2,2
LOC105540839,1,1,1
LOC105540840,1,1,1
LOC105540860,1,2,2
LOC105540864,1,1,1
LOC105540870,1,1,1
LOC105540871,1,1,1
LOC105540877,1,1,1
LOC105540895,1,3,3
LOC105540912,1,2,2
LOC105540917,1,1,1
LOC105540928,1,3,3
LOC105540945,1,3,3
LOC105540946,1,1,1
LOC105540948,1,5,5
LOC105540954,1,2,2
LOC105540978,1,3,3
LOC105540980,1,9,9
LOC105540988,1,2,2
LOC105540990,1,1,1
LOC105540995,1,2,2
LOC105541037,1,1,1
LOC105541040,1,2,2
LOC105541063,1,2,2
LOC105541070,1,3,3
LOC105541077,1,2,2
LOC105541078,2,7,5
LOC105541080,1,4,4
LOC105541096,1,4,4
LOC105541098,1,1,1
LOC105541124,1,2,2
LOC105541130,1,9,9
LOC105541151,1,2,2
LOC105541160,1,7,7
LOC105541171,1,1,1
LOC105541173,1,1,1
LOC105541174,1,3,3
LOC105541175,1,2,2
LOC105541176,1,4,4
LOC105541179,1,2,2
LOC105541180,1,2,2
LOC105541184,1,1,1
LOC105541192,1,2,2
LOC105541205,1,3,3
LOC105541222,1,3,3
LOC105541228,1,2,2
LOC105541232,1,3,3
LOC105541234,1,1,1
LOC105541235,1,3,3
LOC105541237,1,1,1
LOC105541238,1,4,4
LOC105541244,1,3,3
LOC105541254,1,3,3
LOC105541257,1,2,2
LOC105541267,1,3,3
LOC105541276,1,2,2
LOC105541283,1,7,7
LOC105541285,1,7,7
LOC105541286,1,3,3
LOC105541297,1,3,3
LOC105541305,1,1,1
LOC105541326,1,3,3
LOC105541327,1,2,2
LOC105541329,1,6,6
LOC105541333,1,3,3
LOC105541344,1,2,2
LOC105541354,1,3,3
LOC105541362,1,1,1
LOC105541365,1,3,3
LOC105541368,1,3,3
LOC105541376,1,2,2
LOC105541394,1,1,1
LOC105541396,1,2,2
LOC105541397,1,5,5
LOC105541398,1,2,2
LOC105541403,1,3,3
LOC105541421,1,4,4
LOC105541441,1,3,3
LOC105541442,1,2,2
LOC105541470,1,2,2
LOC105541476,1,2,2
LOC105541480,1,2,2
LOC105541483,1,1,1
LOC105541519,1,2,2
LOC105541526,1,7,7
LOC105541535,1,3,3
LOC105541545,1,4,4
LOC105541581,1,3,3
LOC105541582,1,3,3
LOC105541588,1,2,2
LOC105541593,1,2,2
LOC105541594,1,3,3
LOC105541595,1,1,1
LOC105541612,1,8,8
LOC105541630,1,1,1
LOC105541637,2,11,8
LOC105541645,1,1,1
LOC105541647,1,4,4
LOC105541658,1,2,2
LOC105541661,1,2,2
LOC105541667,1,3,3
LOC105541668,1,1,1
LOC105541671,1,1,1
LOC105541675,1,1,1
LOC105541705,1,2,2
LOC105541711,1,1,1
LOC105541730,1,2,2
LOC105541737,1,7,7
LOC105541745,1,1,1
LOC105541750,1,5,5
LOC105541757,1,4,4
LOC105541764,1,2,2
LOC105541766,1,6,6
LOC105541767,1,7,7
LOC105541770,1,1,1
LOC105541771,1,3,3
LOC105541785,1,3,3
LOC105541801,1,2,2
LOC105541816,1,2,2
LOC105541840,1,1,1
LOC105541867,1,3,3
LOC105541869,1,2,2
LOC105541871,1,4,4
LOC105541872,1,3,3
LOC105541890,1,2,2
LOC105541894,1,2,2
LOC105541898,1,5,5
LOC105541903,1,2,2
LOC105541904,1,3,3
LOC105541906,1,1,1
LOC105541908,1,2,2
LOC105541915,1,1,1
LOC105541926,1,3,3
LOC105541949,1,2,2
LOC105541956,1,5,5
LOC105541964,1,1,1
LOC105541982,1,2,2
LOC105541985,1,2,2
LOC105541989,1,2,2
LOC105541990,1,4,4
LOC105542018,1,2,2
LOC105542031,1,3,3
LOC105542044,1,6,6
LOC105542046,1,1,1
LOC105542057,1,2,2
LOC105542060,1,2,2
LOC105542062,1,1,1
LOC105542068,1,1,1
LOC105542069,1,3,3
LOC105542074,1,2,2
LOC105542081,1,3,3
LOC105542083,1,3,3
LOC105542089,1,5,5
LOC105542100,1,2,2
LOC105542109,1,2,2
LOC105542113,1,2,2
LOC105542116,1,2,2
LOC105542135,1,3,3
LOC105542139,1,2,2
LOC105542149,1,2,2
LOC105542193,1,3,3
LOC105542195,1,2,2
LOC105542201,1,3,3
LOC105542202,1,2,2
LOC105542206,1,3,3
LOC105542208,1,3,3
LOC105542213,1,7,7
LOC105542215,1,4,4
LOC105542216,1,3,3
LOC105542226,1,3,3
LOC105542237,1,7,7
LOC105542242,1,3,3
LOC105542249,1,2,2
LOC105542269,1,19,19
LOC105542275,1,1,1
LOC105542278,1,2,2
LOC105542280,1,2,2
LOC105542283,1,3,3
LOC105542285,1,1,1
LOC105542293,1,3,3
LOC105542328,1,1,1
LOC105542333,1,2,2
LOC105542340,1,2,2
LOC105542347,1,3,3
LOC105542363,1,2,2
LOC105542371,1,4,4
LOC105542373,1,1,1
LOC105542376,1,3,3
LOC105542378,1,1,1
LOC105542384,1,3,3
LOC105542385,1,1,1
LOC105542386,1,1,1
LOC105542398,1,4,4
LOC105542406,1,2,2
LOC105542413,1,3,3
LOC105542416,1,1,1
LOC105542420,1,1,1
LOC105542429,1,2,2
LOC105542438,1,2,2
LOC105542439,1,3,3
LOC105542454,1,2,2
LOC105542455,1,3,3
LOC105542468,1,2,2
LOC105542470,1,3,3
LOC105542507,1,3,3
LOC105542511,1,1,1
LOC105542521,1,2,2
LOC105542524,1,1,1
LOC105542526,1,6,6
LOC105542528,1,1,1
LOC105542537,1,3,3
LOC105542538,1,4,4
LOC105542542,1,4,4
LOC105542545,1,1,1
LOC105542546,1,1,1
LOC105542556,1,4,4
LOC105542561,1,6,6
LOC105542564,1,2,2
LOC105542565,1,2,2
LOC105542567,1,3,3
LOC105542572,1,3,3
LOC105542573,1,2,2
LOC105542581,1,4,4
LOC105542582,1,2,2
LOC105542590,1,2,2
LOC105542592,1,4,4
LOC105542597,1,3,3
LOC105542617,1,3,3
LOC105542646,1,3,3
LOC105542664,1,3,3
LOC105542669,1,3,3
LOC105542679,1,1,1
LOC105542687,1,3,3
LOC105542688,1,2,2
LOC105542708,1,1,1
LOC105542713,1,1,1
LOC105542717,1,4,4
LOC105542738,1,3,3
LOC105542757,1,1,1
LOC105542788,1,1,1
LOC105542798,1,2,2
LOC105542800,1,2,2
LOC105542807,1,1,1
LOC105542808,1,3,3
LOC105542816,1,1,1
LOC105542831,1,6,6
LOC105542833,1,2,2
LOC105542842,1,5,5
LOC105542844,1,2,2
LOC105542845,1,6,6
LOC105542856,1,3,3
LOC105542858,1,2,2
LOC105542860,1,2,2
LOC105542862,1,1,1
LOC105542863,1,3,3
LOC105542865,1,2,2
LOC105542871,1,3,3
LOC105542876,1,2,2
LOC105542880,1,3,3
LOC105542882,2,9,8
LOC105542898,1,3,3
LOC105542908,1,3,3
LOC105542910,1,3,3
LOC105542913,1,2,2
LOC105542924,1,3,3
LOC105542949,1,7,7
LOC105542953,1,1,1
LOC105542956,1,1,1
LOC105542958,1,1,1
LOC105542970,1,2,2
LOC105542979,1,2,2
LOC105542982,1,1,1
LOC105542991,1,2,2
LOC105543011,1,2,2
LOC105543013,1,2,2
LOC105543034,1,3,3
LOC105543041,1,3,3
LOC105543045,1,3,3
LOC105543050,1,1,1
LOC105543055,1,2,2
LOC105543056,1,6,6
LOC105543065,1,4,4
LOC105543070,1,5,5
LOC105543075,2,7,5
LOC105543098,1,1,1
LOC105543106,1,4,4
LOC105543108,1,1,1
LOC105543109,1,6,6
LOC105543111,1,4,4
LOC105543115,1,2,2
LOC105543118,2,9,5
LOC105543139,1,1,1
LOC105543141,1,2,2
LOC105543170,1,3,3
LOC105543174,1,2,2
LOC105543177,1,2,2
LOC105543178,1,2,2
LOC105543187,1,3,3
LOC105543193,1,2,2
LOC105543202,1,3,3
LOC105543214,1,2,2
LOC105543216,1,2,2
LOC105543231,1,2,2
LOC105543243,1,2,2
LOC105543244,1,2,2
LOC105543252,1,3,3
LOC105543255,1,4,4
LOC105543261,1,2,2
LOC105543281,1,1,1
LOC105543288,1,2,2
LOC105543292,1,4,4
LOC105543335,1,2,2
LOC105543341,1,2,2
LOC105543343,1,3,3
LOC105543380,1,2,2
LOC105543386,1,1,1
LOC105543388,1,1,1
LOC105543390,1,3,3
LOC105543392,1,1,1
LOC105543400,1,2,2
LOC105543412,1,4,4
LOC105543423,1,1,1
LOC105543428,1,3,3
LOC105543444,2,11,6
LOC105543458,1,3,3
LOC105543463,1,5,5
LOC105543464,1,1,1
LOC105543469,1,4,4
LOC105543473,1,3,3
LOC105543482,1,6,6
LOC105543502,1,3,3
LOC105543505,1,2,2
LOC105543509,1,2,2
LOC105543515,1,1,1
LOC105543520,1,3,3
LOC105543527,1,2,2
LOC105543528,1,1,1
LOC105543529,1,2,2
LOC105543531,1,4,4
LOC105543534,1,1,1
LOC105543540,1,2,2
LOC105543542,1,3,3
LOC105543543,2,6,5
LOC105543545,1,3,3
LOC105543546,1,5,5
LOC105543547,1,6,6
LOC105543555,1,3,3
LOC105543565,1,2,2
LOC105543581,1,4,4
LOC105543582,1,2,2
LOC105543583,1,2,2
LOC105543590,1,2,2
LOC105543604,3,18,11
LOC105543637,1,3,3
LOC105543654,1,4,4
LOC105543661,1,1,1
LOC105543673,1,7,7
LOC105543679,1,2,2
LOC105543696,2,4,4
LOC105543700,1,4,4
LOC105543702,1,2,2
LOC105543705,1,1,1
LOC105543733,1,3,3
LOC105543734,1,3,3
LOC105543739,1,2,2
LOC105543769,1,2,2
LOC105543778,1,2,2
LOC105543808,1,2,2
LOC105543829,1,2,2
LOC105543833,2,7,6
LOC105543850,1,1,1
LOC105543876,1,1,1
LOC105543880,1,1,1
LOC105543881,1,2,2
LOC105543883,1,1,1
LOC105543890,1,6,6
LOC105543896,1,1,1
LOC105543897,1,2,2
LOC105543898,1,4,4
LOC105543899,1,2,2
LOC105543908,1,3,3
LOC105543917,1,3,3
LOC105543918,1,1,1
LOC105543924,1,1,1
LOC105543928,1,10,10
LOC105543930,1,2,2
LOC105543931,1,3,3
LOC105543933,1,3,3
LOC105543934,1,4,4
LOC105543935,1,2,2
LOC105543945,1,2,2
LOC105543948,1,4,4
LOC105543951,1,2,2
LOC105543969,1,2,2
LOC105543995,1,3,3
LOC105544014,1,2,2
LOC105544017,1,3,3
LOC105544019,1,2,2
LOC105544028,1,1,1
LOC105544035,1,3,3
LOC105544037,1,1,1
LOC105544052,1,4,4
LOC105544065,1,3,3
LOC105544081,1,1,1
LOC105544083,1,1,1
LOC105544088,1,1,1
LOC105544091,1,2,2
LOC105544093,1,2,2
LOC105544104,1,1,1
LOC105544135,1,3,3
LOC105544141,1,4,4
LOC105544142,1,5,5
LOC105544143,1,5,5
LOC105544149,1,4,4
LOC105544153,1,4,4
LOC105544181,1,2,2
LOC105544199,1,1,1
LOC105544202,1,1,1
LOC105544205,1,2,2
LOC105544218,1,1,1
LOC105544222,1,3,3
LOC105544233,1,1,1
LOC105544247,1,1,1
LOC105544263,1,3,3
LOC105544268,1,2,2
LOC105544279,1,2,2
LOC105544283,1,3,3
LOC105544284,2,4,3
LOC105544290,1,2,2
LOC105544306,1,1,1
LOC105544309,1,2,2
LOC105544349,1,2,2
LOC105544354,1,1,1
LOC105544362,1,2,2
LOC105544364,1,3,3
LOC105544370,1,3,3
LOC105544392,1,4,4
LOC105544397,1,3,3
LOC105544416,1,2,2
LOC105544431,1,2,2
LOC105544432,1,3,3
LOC105544440,2,7,6
LOC105544450,1,2,2
LOC105544453,1,2,2
LOC105544463,1,3,3
LOC105544498,1,6,6
LOC105544502,1,5,5
LOC105544505,1,1,1
LOC105544507,1,2,2
LOC105544510,1,2,2
LOC105544511,1,2,2
LOC105544513,1,1,1
LOC105544514,1,1,1
LOC105544515,1,3,3
LOC105544521,1,1,1
LOC105544534,1,3,3
LOC105544536,1,4,4
LOC105544538,1,1,1
LOC105544542,1,5,5
LOC105544549,1,3,3
LOC105544553,1,2,2
LOC105544556,1,2,2
LOC105544558,1,1,1
LOC105544567,1,2,2
LOC105544572,1,1,1
LOC105544574,1,6,6
LOC105544581,1,3,3
LOC105544582,1,2,2
LOC105544589,1,2,2
LOC105544590,1,1,1
LOC105544593,1,2,2
LOC105544596,1,2,2
LOC105544605,1,1,1
LOC105544611,1,2,2
LOC105544629,1,3,3
LOC105544634,1,2,2
LOC105544636,1,1,1
LOC105544639,1,2,2
LOC105544642,1,5,5
LOC105544644,1,5,5
LOC105544647,1,1,1
LOC105544652,2,9,6
LOC105544655,1,2,2
LOC105544666,1,2,2
LOC105544688,1,3,3
LOC105544694,1,2,2
LOC105544699,1,3,3
LOC105544716,1,1,1
LOC105544720,1,4,4
LOC105544727,1,3,3
LOC105544733,1,5,5
LOC105544736,1,1,1
LOC105544762,1,2,2
LOC105544778,1,5,5
LOC105544783,1,2,2
LOC105544784,1,3,3
LOC105544787,1,1,1
LOC105544792,1,2,2
LOC105544802,1,3,3
LOC105544803,2,10,9
LOC105544821,2,10,6
LOC105544827,1,2,2
LOC105544834,1,4,4
LOC105544843,1,12,12
LOC105544844,1,3,3
LOC105544847,1,2,2
LOC105544871,1,2,2
LOC105544874,1,1,1
LOC105544876,1,1,1
LOC105544880,1,1,1
LOC105544890,1,3,3
LOC105544891,1,1,1
LOC105544893,1,2,2
LOC105544919,1,4,4
LOC105544926,1,1,1
LOC105544930,1,2,2
LOC105544931,1,1,1
LOC105544932,1,1,1
LOC105544933,1,1,1
LOC105544940,1,2,2
LOC105544942,1,2,2
LOC105544947,1,2,2
LOC105544962,1,4,4
LOC105544963,1,3,3
LOC105544991,1,4,4
LOC105544994,1,2,2
LOC105544996,1,3,3
LOC105544998,1,2,2
LOC105545003,1,2,2
LOC105545004,1,3,3
LOC105545006,1,2,2
LOC105545010,1,2,2
LOC105545020,1,6,6
LOC105545021,1,1,1
LOC105545024,1,3,3
LOC105545046,1,3,3
LOC105545047,1,1,1
LOC105545048,1,3,3
LOC105545057,1,2,2
LOC105545065,1,3,3
LOC105545070,1,1,1
LOC105545076,1,2,2
LOC105545078,1,6,6
LOC105545079,1,3,3
LOC105545084,1,3,3
LOC105545090,1,1,1
LOC105545102,1,2,2
LOC105545107,1,2,2
LOC105545113,1,3,3
LOC105545116,1,2,2
LOC105545131,1,3,3
LOC105545134,1,3,3
LOC105545151,1,2,2
LOC105545170,1,1,1
LOC105545174,1,3,3
LOC105545176,1,2,2
LOC105545180,1,2,2
LOC105545191,1,2,2
LOC105545195,1,1,1
LOC105545201,1,3,3
LOC105545206,1,1,1
LOC105545218,1,1,1
LOC105545225,1,3,3
LOC105545241,1,1,1
LOC105545245,1,2,2
LOC105545256,1,2,2
LOC105545257,1,2,2
LOC105545276,1,1,1
LOC105545302,1,3,3
LOC105545306,1,3,3
LOC105545313,1,2,2
LOC105545314,1,2,2
LOC105545315,1,1,1
LOC105545325,1,3,3
LOC105545328,1,3,3
LOC105545335,1,2,2
LOC105545337,1,2,2
LOC105545351,1,1,1
LOC105545362,1,3,3
LOC105545372,1,3,3
LOC105545376,1,2,2
LOC105545391,1,1,1
LOC105545392,1,1,1
LOC105545400,1,2,2
LOC105545402,1,2,2
LOC105545406,1,4,4
LOC105545408,1,2,2
LOC105545415,2,8,5
LOC105545423,1,2,2
LOC105545424,1,3,3
LOC105545425,1,2,2
LOC105545432,2,4,3
LOC105545439,1,1,1
LOC105545452,1,2,2
LOC105545457,1,1,1
LOC105545461,1,2,2
LOC105545464,1,2,2
LOC105545466,1,1,1
LOC105545467,1,2,2
LOC105545469,1,3,3
LOC105545470,1,1,1
LOC105545472,1,1,1
LOC105545488,1,2,2
LOC105545489,1,4,4
LOC105545498,1,2,2
LOC105545499,1,7,7
LOC105545502,1,3,3
LOC105545512,1,1,1
LOC105545514,1,3,3
LOC105545515,1,4,4
LOC105545528,1,1,1
LOC105545529,1,2,2
LOC105545531,1,1,1
LOC105545544,1,1,1
LOC105545546,1,2,2
LOC105545565,1,1,1
LOC105545570,1,3,3
LOC105545582,1,3,3
LOC105545584,1,4,4
LOC105545586,1,2,2
LOC105545588,1,1,1
LOC105545598,1,3,3
LOC105545614,1,1,1
LOC105545619,1,2,2
LOC105545621,1,2,2
LOC105545622,1,3,3
LOC105545623,2,5,3
LOC105545624,2,6,6
LOC105545626,1,3,3
LOC105545627,1,2,2
LOC105545628,1,2,2
LOC105545631,1,2,2
LOC105545637,1,1,1
LOC105545644,1,1,1
LOC105545665,1,1,1
LOC105545668,1,1,1
LOC105545672,1,2,2
LOC105545678,1,4,4
LOC105545683,1,3,3
LOC105545684,1,2,2
LOC105545696,1,3,3
LOC105545705,1,1,1
LOC105545711,1,2,2
LOC105545712,1,5,5
LOC105545720,1,2,2
LOC105545743,1,3,3
LOC105545744,1,3,3
LOC105545745,1,6,6
LOC105545747,1,5,5
LOC105545759,1,1,1
LOC105545775,1,3,3
LOC105545782,1,3,3
LOC105545784,1,1,1
LOC105545787,1,1,1
LOC105545788,1,3,3
LOC105545801,1,1,1
LOC105545807,1,2,2
LOC105545811,1,1,1
LOC105545819,1,3,3
LOC105545824,1,2,2
LOC105545833,2,6,4
LOC105545834,1,1,1
LOC105545838,1,5,5
LOC105545839,1,2,2
LOC105545840,1,2,2
LOC105545841,1,3,3
LOC105545842,1,3,3
LOC105545843,1,3,3
LOC105545844,1,3,3
LOC105545853,1,4,4
LOC105545854,1,1,1
LOC105545865,1,2,2
LOC105545871,1,2,2
LOC105545872,1,1,1
LOC105545874,1,2,2
LOC105545877,1,1,1
LOC105545881,1,1,1
LOC105545884,1,2,2
LOC105545886,2,6,4
LOC105545893,1,1,1
LOC105545896,1,3,3
LOC105545899,1,4,4
LOC105545905,1,2,2
LOC105545906,1,3,3
LOC105545910,1,1,1
LOC105545918,1,2,2
LOC105545931,1,1,1
LOC105545948,1,3,3
LOC105545958,1,2,2
LOC105545963,1,2,2
LOC105545975,1,3,3
LOC105545978,1,2,2
LOC105545979,1,1,1
LOC105545983,1,1,1
LOC105545991,1,1,1
LOC105545996,1,3,3
LOC105545997,1,6,6
LOC105546001,1,1,1
LOC105546008,1,5,5
LOC105546011,1,3,3
LOC105546023,1,2,2
LOC105546028,1,1,1
LOC105546036,1,2,2
LOC105546044,1,3,3
LOC105546063,1,1,1
LOC105546065,1,5,5
LOC105546077,1,2,2
LOC105546081,1,2,2
LOC105546082,1,1,1
LOC105546084,1,2,2
LOC105546086,1,6,6
LOC105546087,1,5,5
LOC105546092,1,11,11
LOC105546093,1,4,4
LOC105546098,1,2,2
LOC105546101,1,2,2
LOC105546103,1,3,3
LOC105546104,1,4,4
LOC105546107,1,2,2
LOC105546110,1,2,2
LOC105546112,1,2,2
LOC105546113,1,2,2
LOC105546116,1,3,3
LOC105546117,1,4,4
LOC105546119,1,2,2
LOC105546134,1,2,2
LOC105546140,1,3,3
LOC105546182,1,2,2
LOC105546187,2,6,5
LOC105546191,1,2,2
LOC105546196,1,2,2
LOC105546201,1,2,2
LOC105546218,1,4,4
LOC105546227,1,3,3
LOC105546228,1,3,3
LOC105546235,1,3,3
LOC105546236,1,3,3
LOC105546237,1,4,4
LOC105546238,1,2,2
LOC105546249,1,1,1
LOC105546251,1,1,1
LOC105546258,1,2,2
LOC105546259,1,2,2
LOC105546260,1,2,2
LOC105546266,1,1,1
LOC105546267,1,2,2
LOC105546270,1,2,2
LOC105546284,1,3,3
LOC105546285,1,1,1
LOC105546287,1,4,4
LOC105546290,1,3,3
LOC105546305,1,7,7
LOC105546306,1,2,2
LOC105546329,1,19,19
LOC105546347,1,2,2
LOC105546354,1,2,2
LOC105546355,1,1,1
LOC105546356,1,1,1
LOC105546358,1,3,3
LOC105546364,1,2,2
LOC105546377,1,3,3
LOC105546380,1,2,2
LOC105546393,1,2,2
LOC105546403,1,1,1
LOC105546405,1,2,2
LOC105546408,1,4,4
LOC105546423,1,3,3
LOC105546430,1,1,1
LOC105546431,1,1,1
LOC105546434,1,1,1
LOC105546438,1,1,1
LOC105546442,1,2,2
LOC105546443,1,2,2
LOC105546447,1,3,3
LOC105546454,1,2,2
LOC105546456,1,3,3
LOC105546459,1,2,2
LOC105546462,1,2,2
LOC105546463,1,3,3
LOC105546466,1,2,2
LOC105546467,1,2,2
LOC105546493,1,2,2
LOC105546497,1,4,4
LOC105546514,1,1,1
LOC105546528,1,1,1
LOC105546539,1,1,1
LOC105546540,1,2,2
LOC105546544,1,3,3
LOC105546547,1,2,2
LOC105546550,1,3,3
LOC105546551,1,2,2
LOC105546558,1,1,1
LOC105546560,1,2,2
LOC105546561,1,2,2
LOC105546563,1,3,3
LOC105546569,1,1,1
LOC105546573,1,7,7
LOC105546576,1,2,2
LOC105546578,1,2,2
LOC105546599,1,3,3
LOC105546600,1,2,2
LOC105546601,1,2,2
LOC105546602,1,2,2
LOC105546603,1,3,3
LOC105546605,1,2,2
LOC105546606,1,2,2
LOC105546607,1,2,2
LOC105546608,1,2,2
LOC105546610,1,2,2
LOC105546648,1,1,1
LOC105546650,1,2,2
LOC105546651,1,2,2
LOC105546653,1,2,2
LOC105546655,1,2,2
LOC105546656,1,2,2
LOC105546658,1,2,2
LOC105546659,1,2,2
LOC105546660,1,2,2
LOC105546661,1,2,2
LOC105546663,1,2,2
LOC105546664,1,4,4
LOC105546666,1,2,2
LOC105546667,1,4,4
LOC105546669,1,2,2
LOC105546671,1,2,2
LOC105546672,1,2,2
LOC105546673,1,2,2
LOC105546674,1,3,3
LOC105546675,1,3,3
LOC105546683,1,1,1
LOC105546690,1,2,2
LOC105546701,1,2,2
LOC105546718,1,1,1
LOC105546750,1,1,1
LOC105546755,1,1,1
LOC105546761,1,1,1
LOC105546783,1,3,3
LOC105546796,1,3,3
LOC105546798,1,6,6
LOC105546808,1,3,3
LOC105546826,1,1,1
LOC105546829,1,2,2
LOC105546835,1,1,1
LOC105546837,1,3,3
LOC105546850,1,1,1
LOC105546858,1,2,2
LOC105546867,1,1,1
LOC105546868,1,1,1
LOC105546877,1,1,1
LOC105546878,1,1,1
LOC105546892,1,2,2
LOC105546898,1,7,7
LOC105546908,1,3,3
LOC105546921,1,3,3
LOC105546939,1,5,5
LOC105546942,1,3,3
LOC105546947,1,7,7
LOC105546953,1,2,2
LOC105546958,1,3,3
LOC105546977,1,2,2
LOC105547008,1,2,2
LOC105547016,1,2,2
LOC105547027,1,3,3
LOC105547030,1,4,4
LOC105547033,1,1,1
LOC105547045,1,1,1
LOC105547056,1,1,1
LOC105547057,1,1,1
LOC105547066,1,1,1
LOC105547080,1,4,4
LOC105547081,1,3,3
LOC105547092,1,1,1
LOC105547101,1,1,1
LOC105547108,1,1,1
LOC105547125,1,2,2
LOC105547135,1,2,2
LOC105547159,1,2,2
LOC105547160,1,7,7
LOC105547161,1,2,2
LOC105547162,1,8,8
LOC105547189,1,3,3
LOC105547197,1,1,1
LOC105547204,1,2,2
LOC105547215,1,5,5
LOC105547223,1,5,5
LOC105547227,1,1,1
LOC105547232,1,2,2
LOC105547241,1,3,3
LOC105547245,1,2,2
LOC105547256,1,2,2
LOC105547258,1,2,2
LOC105547260,1,3,3
LOC105547266,1,1,1
LOC105547268,1,2,2
LOC105547272,1,1,1
LOC105547273,2,4,4
LOC105547285,1,3,3
LOC105547302,1,3,3
LOC105547322,1,3,3
LOC105547333,1,3,3
LOC105547336,1,3,3
LOC105547337,2,9,5
LOC105547340,1,3,3
LOC105547341,1,1,1
LOC105547361,1,1,1
LOC105547366,1,2,2
LOC105547372,1,3,3
LOC105547397,1,4,4
LOC105547400,1,3,3
LOC105547407,1,1,1
LOC105547411,1,1,1
LOC105547417,1,4,4
LOC105547422,1,1,1
LOC105547452,1,2,2
LOC105547453,1,1,1
LOC105547461,1,2,2
LOC105547466,1,3,3
LOC105547472,1,1,1
LOC105547484,1,1,1
LOC105547488,1,2,2
LOC105547511,1,6,6
LOC105547515,1,1,1
LOC105547541,1,2,2
LOC105547542,1,2,2
LOC105547543,1,1,1
LOC105547557,1,1,1
LOC105547563,1,3,3
LOC105547565,1,1,1
LOC105547571,1,1,1
LOC105547589,1,2,2
LOC105547595,1,3,3
LOC105547596,1,1,1
LOC105547598,1,1,1
LOC105547599,1,2,2
LOC105547612,1,2,2
LOC105547629,1,2,2
LOC105547631,1,1,1
LOC105547636,1,2,2
LOC105547637,1,1,1
LOC105547647,1,1,1
LOC105547653,1,1,1
LOC105547654,1,3,3
LOC105547656,1,2,2
LOC105547660,1,3,3
LOC105547671,1,2,2
LOC105547679,1,2,2
LOC105547688,1,2,2
LOC105547695,1,2,2
LOC105547698,1,2,2
LOC105547708,1,1,1
LOC105547713,1,2,2
LOC105547727,1,1,1
LOC105547734,1,4,4
LOC105547748,1,3,3
LOC105547758,1,3,3
LOC105547764,1,3,3
LOC105547765,1,1,1
LOC105547769,1,4,4
LOC105547771,1,3,3
LOC105547775,1,2,2
LOC105547776,1,1,1
LOC105547777,1,2,2
LOC105547778,1,2,2
LOC105547782,1,2,2
LOC105547785,1,4,4
LOC105547788,1,1,1
LOC105547791,1,2,2
LOC105547793,1,1,1
LOC105547796,1,1,1
LOC105547807,1,2,2
LOC105547811,1,3,3
LOC105547814,1,2,2
LOC105547816,1,2,2
LOC105547821,1,2,2
LOC105547827,1,3,3
LOC105547829,1,3,3
LOC105547832,1,1,1
LOC105547833,1,2,2
LOC105547835,1,1,1
LOC105547845,1,2,2
LOC105547846,1,3,3
LOC105547867,1,4,4
LOC105547870,1,2,2
LOC105547871,1,2,2
LOC105547872,1,2,2
LOC105547873,1,3,3
LOC105547874,1,4,4
LOC105547876,1,1,1
LOC105547887,1,2,2
LOC105547888,1,1,1
LOC105547890,1,3,3
LOC105547891,1,4,4
LOC105547893,1,3,3
LOC105547895,1,1,1
LOC105547906,1,2,2
LOC105547907,1,5,5
LOC105547908,1,2,2
LOC105547911,1,1,1
LOC105547912,1,3,3
LOC105547914,1,2,2
LOC105547935,1,3,3
LOC105547940,1,3,3
LOC105547945,1,5,5
LOC105547950,1,2,2
LOC105547957,1,3,3
LOC105547962,1,2,2
LOC105547964,1,1,1
LOC105547968,1,2,2
LOC105547976,1,1,1
LOC105547982,1,6,6
LOC105547984,1,28,28
LOC105547989,1,1,1
LOC105547996,1,2,2
LOC105548008,1,2,2
LOC105548012,2,7,5
LOC105548018,1,3,3
LOC105548023,1,3,3
LOC105548025,1,1,1
LOC105548027,1,3,3
LOC105548029,1,3,3
LOC105548030,1,2,2
LOC105548044,1,1,1
LOC105548046,1,2,2
LOC105548052,1,2,2
LOC105548054,1,1,1
LOC105548064,1,2,2
LOC105548070,1,1,1
LOC105548085,1,2,2
LOC105548090,1,3,3
LOC105548097,1,1,1
LOC105548112,1,1,1
LOC105548147,1,2,2
LOC105548148,1,1,1
LOC105548167,1,1,1
LOC105548168,1,4,4
LOC105548175,1,2,2
LOC105548177,1,2,2
LOC105548178,1,5,5
LOC105548184,1,7,7
LOC105548189,1,3,3
LOC105548196,1,3,3
LOC105548200,1,1,1
LOC105548210,1,1,1
LOC105548217,1,2,2
LOC105548222,1,1,1
LOC105548224,1,3,3
LOC105548225,1,2,2
LOC105548226,1,1,1
LOC105548227,1,1,1
LOC105548251,1,6,6
LOC105548252,1,4,4
LOC105548262,1,2,2
LOC105548273,1,3,3
LOC105548276,1,3,3
LOC105548303,1,3,3
LOC105548309,1,24,24
LOC105548315,1,1,1
LOC105548334,1,3,3
LOC105548337,1,2,2
LOC105548338,1,5,5
LOC105548340,2,14,9
LOC105548350,1,2,2
LOC105548351,1,2,2
LOC105548356,1,2,2
LOC105548361,1,7,7
LOC105548362,1,2,2
LOC105548363,1,2,2
LOC105548365,1,3,3
LOC105548380,1,2,2
LOC105548381,3,6,4
LOC105548406,1,1,1
LOC105548439,2,8,5
LOC105548442,1,4,4
LOC105548446,1,3,3
LOC105548450,1,2,2
LOC105548459,1,1,1
LOC105548471,1,4,4
LOC105548472,1,1,1
LOC105548476,1,1,1
LOC105548480,1,1,1
LOC105548492,1,2,2
LOC105548504,1,5,5
LOC105548508,1,2,2
LOC105548516,1,2,2
LOC105548530,1,3,3
LOC105548534,1,3,3
LOC105548541,1,2,2
LOC105548542,1,3,3
LOC105548543,1,2,2
LOC105548544,1,2,2
LOC105548545,1,2,2
LOC105548546,1,3,3
LOC105548557,1,5,5
LOC105548576,1,1,1
LOC105548591,1,2,2
LOC105548596,1,3,3
LOC105548604,1,1,1
LOC105548610,1,3,3
LOC105548612,1,2,2
LOC105548615,1,1,1
LOC105548618,1,3,3
LOC105548620,1,2,2
LOC105548621,1,2,2
LOC105548627,1,2,2
LOC105548648,1,2,2
LOC105548657,1,2,2
LOC105548658,1,2,2
LOC105548670,1,3,3
LOC105548684,1,2,2
LOC105548690,2,20,12
LOC105548693,1,2,2
LOC105548695,1,2,2
LOC105548698,1,3,3
LOC105548702,1,2,2
LOC105548706,1,2,2
LOC105548714,1,2,2
LOC105548715,1,3,3
LOC105548716,1,8,8
LOC105548737,1,1,1
LOC105548738,1,2,2
LOC105548739,1,3,3
LOC105548766,1,2,2
LOC105548770,1,4,4
LOC105548785,1,2,2
LOC105548789,1,5,5
LOC105548792,1,3,3
LOC105548794,1,2,2
LOC105548798,2,4,3
LOC105548806,1,2,2
LOC105548807,1,2,2
LOC105548809,1,2,2
LOC105548811,1,1,1
LOC105548815,1,3,3
LOC105548817,1,3,3
LOC105548823,1,2,2
LOC105548826,1,1,1
LOC105548830,1,3,3
LOC105548836,1,1,1
LOC105548853,1,1,1
LOC105548856,1,1,1
LOC105548862,1,1,1
LOC105548864,1,1,1
LOC105548871,1,2,2
LOC105548895,2,4,4
LOC105548902,1,2,2
LOC105548903,1,1,1
LOC105548915,1,1,1
LOC105548916,1,2,2
LOC105548919,1,3,3
LOC105548921,1,2,2
LOC105548924,1,2,2
LOC105548927,1,3,3
LOC105548928,1,1,1
LOC105548932,1,2,2
LOC105548933,1,2,2
LOC105548935,1,3,3
LOC105548950,1,3,3
LOC105548951,1,2,2
LOC105548952,1,2,2
LOC105548957,1,3,3
LOC105548975,1,3,3
LOC105548988,1,2,2
LOC105548997,1,3,3
LOC105549006,1,2,2
LOC105549015,1,2,2
LOC105549018,1,4,4
LOC105549020,1,2,2
LOC105549022,1,1,1
LOC105549029,1,2,2
LOC105549033,1,3,3
LOC105549043,1,3,3
LOC105549061,1,1,1
LOC105549063,3,24,15
LOC105549075,1,3,3
LOC105549086,1,3,3
LOC105549106,1,2,2
LOC105549117,1,2,2
LOC105549178,1,2,2
LOC105549184,1,3,3
LOC105549185,1,2,2
LOC105549193,1,3,3
LOC105549198,1,3,3
LOC105549202,1,1,1
LOC105549220,1,1,1
LOC105549221,1,2,2
LOC105549223,1,1,1
LOC105549227,1,3,3
LOC105549232,1,3,3
LOC105549244,1,2,2
LOC105549257,1,1,1
LOC105549259,1,2,2
LOC105549275,1,1,1
LOC105549285,1,2,2
LOC105549304,1,2,2
LOC105549310,1,1,1
LOC105549311,1,1,1
LOC105549312,1,5,5
LOC105549314,3,7,6
LOC105549318,1,2,2
LOC105549325,1,3,3
LOC105549337,1,2,2
LOC105549367,1,4,4
LOC105549380,1,3,3
LOC105549383,1,2,2
LOC105549392,1,3,3
LOC105549408,1,3,3
LOC105549417,1,2,2
LOC105549445,1,2,2
LOC105549454,1,3,3
LOC105549465,1,1,1
LOC105549468,1,1,1
LOC105549474,1,2,2
LOC105549477,1,3,3
LOC105549484,1,2,2
LOC105549486,1,1,1
LOC105549488,1,1,1
LOC105549516,1,1,1
LOC105549518,1,1,1
LOC105549519,1,1,1
LOC105549523,1,1,1
LOC105549526,1,1,1
LOC105549528,1,3,3
LOC105549529,1,3,3
LOC105549531,1,3,3
LOC105549533,1,2,2
LOC105549537,1,1,1
LOC105549540,1,2,2
LOC105549542,1,2,2
LOC105549551,1,2,2
LOC105549554,1,6,6
LOC105549560,1,1,1
LOC105549568,2,13,10
LOC105549574,1,3,3
LOC105549575,1,2,2
LOC105549576,1,1,1
LOC105549579,1,1,1
LOC105549582,1,1,1
LOC105549586,1,2,2
LOC105549591,1,2,2
LOC105549592,1,1,1
LOC105549601,1,2,2
LOC105549605,1,6,6
LOC105549607,1,3,3
LOC105549610,1,3,3
LOC105549611,1,1,1
LOC105549614,1,1,1
LOC105549621,1,1,1
LOC105549629,1,1,1
LOC105549634,1,2,2
LOC105549635,1,2,2
LOC105549636,1,5,5
LOC105549644,1,1,1
LOC105549645,1,1,1
LOC105549646,1,3,3
LOC105549647,1,2,2
LOC105549648,1,2,2
LOC105549656,1,2,2
LOC105549680,1,1,1
LOC105549687,1,1,1
LOC105549696,1,2,2
LOC105549706,1,1,1
LOC105549714,1,4,4
LOC105549717,1,2,2
LOC105549722,1,3,3
LOC105549737,1,2,2
LOC105549740,1,3,3
LOC105549746,1,3,3
LOC105549760,1,3,3
LOC105549765,1,2,2
LOC105549766,1,2,2
LOC105549769,1,1,1
LOC105549771,1,3,3
LOC105549774,1,4,4
LOC105549777,2,4,3
LOC105549779,1,2,2
LOC105549780,2,4,3
LOC105549781,1,1,1
LOC105549788,1,1,1
LOC105549789,3,6,5
LOC105549790,1,1,1
LOC105549791,1,1,1
LOC105549793,1,1,1
LOC105549794,1,1,1
LOC105549802,1,2,2
LOC105549812,1,2,2
LOC105549818,1,2,2
LOC105549819,1,2,2
LOC105549824,1,1,1
LOC105549831,1,2,2
LOC105549842,1,1,1
LOC105549844,1,1,1
LOC105549860,1,2,2
LOC105549875,1,1,1
LOC105549906,1,2,2
LOC105549915,1,4,4
LOC105549918,1,3,3
LOC105549926,1,1,1
LOC105549945,1,2,2
LOC105549949,1,3,3
LOC105549974,1,3,3
LOC105549983,1,5,5
LOC105549992,1,4,4
LOC105549993,1,1,1
LOC105550001,1,2,2
LOC105550011,1,3,3
LOC105550023,1,3,3
LOC105550030,1,3,3
LOC105550043,1,3,3
LOC105550046,1,1,1
LOC105550054,1,2,2
LOC105550061,1,1,1
LOC105550076,1,1,1
LOC105550087,1,1,1
LOC105550112,1,1,1
LOC105550121,1,1,1
LOC105550123,1,2,2
LOC105550132,1,3,3
LOC105550141,1,1,1
LOC105550142,1,1,1
LOC105550144,1,3,3
LOC105550146,1,1,1
LOC105550154,1,3,3
LOC105550164,1,3,3
LOC105550167,1,1,1
LOC105550175,1,2,2
LOC105550188,1,1,1
LOC105550192,1,3,3
LOC105550206,1,2,2
LOC105550212,1,2,2
LOC105550213,1,1,1
LOC105550215,1,1,1
LOC105550220,1,2,2
LOC105550227,1,1,1
LOC105550235,1,3,3
LOC105550236,1,2,2
LOC105550237,1,3,3
LOC105550241,1,3,3
LOC105550247,1,3,3
LOC105550256,1,2,2
LOC105550258,1,2,2
LOC105550266,1,3,3
LOC105550268,1,1,1
LOC105550270,1,2,2
LOC105550271,1,1,1
LOC105550277,1,2,2
LOC105550279,1,2,2
LOC105550283,1,1,1
LOC105550294,1,17,17
LOC105550298,1,2,2
LOC105550300,1,9,9
LOC105550309,1,2,2
LOC105550313,1,4,4
LOC105550321,1,3,3
LOC105550324,1,3,3
LOC105550331,1,2,2
LOC105550332,1,4,4
LOC105550341,1,1,1
LOC105550344,1,4,4
LOC105550351,1,4,4
LOC105550352,2,8,6
LOC105550355,1,2,2
LOC105550359,1,1,1
LOC105550370,1,1,1
LOC105550384,1,1,1
LOC105550385,1,3,3
LOC105550386,1,2,2
LOC105550388,3,10,7
LOC105550397,1,2,2
LOC105550401,1,1,1
LOC105550403,1,1,1
LOC105550406,1,1,1
LOC105550409,1,2,2
LOC105550423,1,2,2
LOC105550427,1,3,3
LOC105550433,1,1,1
LOC105550437,1,2,2
LOC105550442,1,2,2
LOC105550445,2,10,6
LOC105550446,1,3,3
LOC105550448,1,2,2
LOC105550450,1,3,3
LOC105550455,1,3,3
LOC105550456,1,5,5
LOC105550457,1,3,3
LOC105550459,1,4,4
LOC105550460,1,1,1
LOC105550461,1,1,1
LOC105550462,1,5,5
LOC105550464,1,2,2
LOC105550474,1,2,2
LOC105550475,1,4,4
LOC105550482,1,2,2
LOC105550483,1,3,3
LOC105550484,1,2,2
LOC105550485,1,1,1
LOC105550487,1,4,4
LOC105550492,1,4,4
LOC105550496,1,2,2
LOC105550503,1,4,4
LOC105550510,1,2,2
LOC105550526,1,3,3
LOC105550527,1,2,2
LOC105550542,1,3,3
LOC105550562,1,3,3
LOC105550565,1,3,3
LOC105550567,1,2,2
LOC105550571,1,1,1
LOC105550582,1,2,2
LOC105550608,1,3,3
LOC105550612,1,4,4
LOC105550613,1,2,2
LOC105550622,1,2,2
LOC105550625,1,1,1
LOC105550628,1,2,2
LOC105550633,1,13,13
LOC105550655,1,1,1
LOC105550658,1,2,2
LOC105550670,1,2,2
LOC105550686,1,2,2
LOC105550688,1,2,2
LOC105550692,1,3,3
LOC105550708,1,2,2
LOC105550727,1,2,2
LOC105550728,1,1,1
LOC105550731,1,2,2
LOC105550750,1,2,2
LOC105550756,1,2,2
LOC105550763,1,1,1
LOC105550765,1,1,1
LOC105550769,1,11,11
LOC105550791,1,2,2
LOC105550797,1,2,2
LOC105550800,1,3,3
LOC105550802,1,4,4
LOC105550803,1,2,2
LOC105550804,1,2,2
LOC105550807,1,4,4
LOC105550809,2,8,5
LOC105550810,1,4,4
LOC105550813,1,2,2
LOC105550826,1,2,2
LOC105550830,1,2,2
LOC105550845,1,2,2
LOC105550847,1,1,1
LOC105550855,1,2,2
LOC105550859,1,4,4
LOC105550861,1,1,1
LOC105550863,1,3,3
LOC105550865,1,2,2
LOC105550868,1,2,2
LOC105550869,1,4,4
LOC105550872,1,3,3
LOC105550875,1,3,3
LOC105550881,1,3,3
LOC105550884,1,3,3
LOC105550902,1,1,1
LOC105550904,1,3,3
LOC105550907,1,3,3
LOC105550924,1,2,2
LOC105550929,1,2,2
LOC105550931,1,3,3
LOC105550943,1,2,2
LOC105550944,2,8,6
LOC105550956,1,2,2
LOC105550959,1,2,2
LOC105550961,1,4,4
LOC105550991,1,2,2
LOC105551001,1,3,3
LOC105551016,1,3,3
LOC105551027,1,6,6
LOC105551041,1,1,1
LOC105551045,1,2,2
LOC105551067,1,2,2
LOC105551081,1,1,1
LOC105551082,1,1,1
LOC105551086,1,3,3
LOC105551089,1,1,1
LOC105551098,1,16,16
LOC105551103,1,1,1
LOC105551107,1,2,2
LOC105551119,1,2,2
LOC105551130,1,1,1
LOC105551145,1,1,1
LOC105551146,1,1,1
LOC105551150,1,3,3
LOC105551162,1,4,4
LOC105551163,1,3,3
LOC105551165,1,3,3
LOC105551168,1,4,4
LOC105551169,1,3,3
LOC105551172,1,4,4
LOC105551196,1,2,2
LOC105551198,1,4,4
LOC105551211,1,2,2
LOC105551215,1,1,1
LOC105551221,1,3,3
LOC105551237,1,3,3
LOC105551238,1,1,1
LOC105551240,1,4,4
LOC105551245,1,3,3
LOC105551248,1,2,2
LOC105551251,1,1,1
LOC105551260,1,9,9
LOC105551265,1,1,1
LOC105551269,1,6,6
LOC105551273,1,1,1
LOC105551287,1,3,3
LOC105551291,1,2,2
LOC105551297,1,2,2
LOC105551310,1,3,3
LOC105551316,1,3,3
LOC105551321,1,3,3
LOC105551347,1,2,2
LOC105551369,1,2,2
LOC105551375,1,3,3
LOC105551385,1,4,4
LOC105551390,1,2,2
LOC105551421,1,4,4
LOC105551447,1,3,3
LOC105551453,1,3,3
LOC105551464,1,2,2
LOC105551466,1,2,2
LOC105551496,1,1,1
LOC105551497,1,1,1
LOC105551511,1,1,1
LOC105551512,1,1,1
LOC105551523,1,1,1
LOC105551532,1,3,3
LOC105551534,1,4,4
LOC105551536,1,3,3
LOC105551539,1,3,3
LOC105551542,1,1,1
LOC105551556,1,2,2
LOC105551562,1,1,1
LOC105551573,1,3,3
LOC105551586,1,2,2
LOC105551594,1,2,2
LOC105551597,1,3,3
LOC105551599,1,4,4
LOC105551613,1,3,3
LOC105551627,1,3,3
LOC105551637,1,3,3
LOC105551642,1,2,2
LOC105551647,1,3,3
LOC105551655,1,3,3
LOC105551727,2,8,5
LOC105551729,1,5,5
LOC105551747,1,2,2
LOC105551748,1,3,3
LOC105551765,1,3,3
LOC105551768,1,1,1
LOC105551779,1,1,1
LOC105551782,1,1,1
LOC105551793,1,3,3
LOC105551806,1,3,3
LOC105551816,1,3,3
LOC105551828,1,1,1
LOC105551829,1,4,4
LOC105551831,1,1,1
LOC105551852,1,1,1
LOC105551854,2,4,4
LOC105551855,1,3,3
LOC105551864,1,1,1
LOC105551874,1,2,2
LOC105551875,1,3,3
LOC105551879,1,1,1
LOC105551887,1,2,2
LOC105551889,1,2,2
LOC105551897,1,1,1
LOC105551906,1,4,4
LOC105551907,1,2,2
LOC105551912,2,7,5
LOC105551924,1,1,1
LOC105551926,1,2,2
LOC105551944,1,3,3
LOC105551945,1,2,2
LOC105551957,1,2,2
LOC105551975,1,4,4
LOC105551980,1,7,7
LOC105551999,1,1,1
LOC105552012,1,1,1
LOC105552017,1,3,3
LOC105552030,1,1,1
LOC105552045,1,3,3
LOC105552047,1,2,2
LOC105552060,1,3,3
LOC105552068,1,3,3
LOC105552069,1,3,3
LOC105552070,1,2,2
LOC105552075,1,5,5
LOC105552078,1,1,1
LOC105552081,1,7,7
LOC105552086,1,2,2
LOC105552098,1,3,3
LOC105552104,1,2,2
LOC105552108,1,3,3
LOC105552111,1,3,3
LOC105552114,1,2,2
LOC105552121,1,3,3
LOC105552125,1,2,2
LOC105552131,1,2,2
LOC105552132,1,4,4
LOC105552146,1,3,3
LOC105552149,1,3,3
LOC105552161,1,3,3
LOC105552168,2,5,5
LOC105552170,1,1,1
LOC105552177,1,2,2
LOC105552193,1,4,4
LOC105552198,1,1,1
LOC105552199,1,1,1
LOC105552200,1,1,1
LOC105552203,1,5,5
LOC105552213,1,3,3
LOC105552216,1,4,4
LOC105552222,1,3,3
LOC105552223,1,1,1
LOC105552225,1,4,4
LOC105552226,1,1,1
LOC105552227,1,1,1
LOC105552228,1,2,2
LOC105552229,1,3,3
LOC105552231,1,2,2
LOC105552239,2,7,5
LOC105552245,1,2,2
LOC105552248,1,1,1
LOC105552252,1,2,2
LOC105552254,1,1,1
LOC105552260,1,2,2
LOC105552262,1,1,1
LOC105552266,1,1,1
LOC105552271,1,2,2
LOC105552278,1,1,1
LOC105552289,1,1,1
LOC105552294,1,3,3
LOC105552296,1,3,3
LOC105552301,1,3,3
LOC105552303,1,5,5
LOC105552314,1,1,1
LOC105552318,2,7,4
LOC105552328,1,3,3
LOC105552333,1,2,2
LOC105552342,1,2,2
LOC105552345,1,2,2
LOC105552350,1,1,1
LOC105552357,1,1,1
LOC105552367,1,1,1
LOC105552389,1,3,3
LOC105552390,1,3,3
LOC105552394,1,2,2
LOC105552396,1,3,3
LOC105552398,1,3,3
LOC105552406,1,4,4
LOC105552415,1,3,3
LOC105552417,1,5,5
LOC105552420,1,4,4
LOC105552429,1,1,1
LOC105552443,1,6,6
LOC105552447,1,1,1
LOC105552451,1,1,1
LOC105552453,1,4,4
LOC105552458,1,1,1
LOC105552460,1,1,1
LOC105552463,1,3,3
LOC105552467,1,2,2
LOC105552478,1,11,11
LOC105552480,1,3,3
LOC105552481,1,2,2
LOC105552487,1,1,1
LOC105552488,1,3,3
LOC105552489,2,25,13
LOC105552493,1,1,1
LOC105552528,1,1,1
LOC105552533,1,2,2
LOC105552539,1,3,3
LOC105552541,1,3,3
LOC105552542,1,1,1
LOC105552543,1,1,1
LOC105552566,1,4,4
LOC105552569,1,3,3
LOC105552572,1,2,2
LOC105552577,1,1,1
LOC105552585,1,1,1
LOC105552587,1,2,2
LOC105552588,1,3,3
LOC105552591,1,1,1
LOC105552599,1,1,1
LOC105552600,1,2,2
LOC105552607,1,1,1
LOC105552626,1,2,2
LOC105552630,1,1,1
LOC105552631,1,1,1
LOC105552634,1,2,2
LOC105552635,1,3,3
LOC105552636,1,1,1
LOC105552639,1,1,1
LOC105552641,1,1,1
LOC105552650,1,5,5
LOC105552651,1,1,1
LOC105552654,1,4,4
LOC105552666,1,2,2
LOC105552673,1,1,1
LOC105552674,1,1,1
LOC105552683,1,1,1
LOC105552684,1,2,2
LOC105552686,1,1,1
LOC105552699,1,4,4
LOC105552701,1,1,1
LOC105552702,1,2,2
LOC105552716,1,6,6
LOC105552736,1,1,1
LOC105552739,1,2,2
LOC105552765,1,3,3
LOC105552768,1,2,2
LOC105552770,1,1,1
LOC105552773,1,3,3
LOC105552775,1,1,1
LOC105552777,2,8,6
LOC105552778,1,2,2
LOC105552781,1,2,2
LOC105552790,1,1,1
LOC105552800,1,2,2
LOC105552807,1,4,4
LOC105552823,1,3,3
LOC105552824,1,5,5
LOC105552825,1,2,2
LOC105552836,1,1,1
LOC105552859,1,4,4
LOC105552863,1,2,2
LOC105552864,1,2,2
LOC105552913,1,3,3
LOC105552933,1,4,4
LOC105552944,1,3,3
LOC105552948,1,2,2
LOC105552956,1,2,2
LOC105552965,1,8,8
LOC105552976,1,2,2
LOC105552978,1,3,3
LOC105552981,1,1,1
LOC105552987,1,2,2
LOC105552989,1,1,1
LOC105552990,1,2,2
LOC105552993,1,2,2
LOC105552997,7,18,16
LOC105553001,1,5,5
LOC105553004,1,1,1
LOC105553009,1,3,3
LOC105553011,1,3,3
LOC105553034,1,2,2
LOC105553086,1,2,2
LOC105553091,1,9,9
LOC105553105,1,1,1
LOC105553118,1,2,2
LOC105553124,1,2,2
LOC105553126,1,4,4
LOC105553137,1,2,2
LOC105553149,1,5,5
LOC105553151,1,2,2
LOC105553157,1,1,1
LOC105553158,1,1,1
LOC105553167,1,6,6
LOC105553169,1,3,3
LOC105553183,1,5,5
LOC105553186,1,1,1
LOC105553195,1,2,2
LOC105553197,1,2,2
LOC105553200,1,3,3
LOC105553207,1,3,3
LOC105553224,1,2,2
LOC105553230,1,3,3
LOC105553231,1,3,3
LOC105553233,1,1,1
LOC105553242,1,2,2
LOC105553274,1,1,1
LOC105553282,1,3,3
LOC105553284,1,3,3
LOC105553286,1,3,3
LOC105553287,1,2,2
LOC105553306,2,7,6
LOC105553310,1,6,6
LOC105553311,1,1,1
LOC105553322,2,6,5
LOC105553343,1,3,3
LOC105553362,1,1,1
LOC105553364,1,2,2
LOC105553372,1,2,2
LOC105553385,1,2,2
LOC105553387,1,3,3
LOC105553398,1,2,2
LOC105553402,1,2,2
LOC105553408,1,1,1
LOC105553421,1,5,5
LOC105553442,1,2,2
LOC105553444,1,1,1
LOC105553453,1,3,3
LOC105553455,1,3,3
LOC105553463,1,1,1
LOC105553468,1,1,1
LOC105553473,1,1,1
LOC105553479,1,1,1
LOC105553487,1,2,2
LOC105553489,1,2,2
LOC105553491,1,2,2
LOC105553493,1,2,2
LOC105553497,1,2,2
LOC105553505,1,2,2
LOC105553507,1,2,2
LOC105553515,1,1,1
LOC105553517,1,3,3
LOC105553528,1,2,2
LOC105553530,1,1,1
LOC105553534,1,2,2
LOC105553535,1,2,2
LOC105553537,1,6,6
LOC105553538,1,5,5
LOC105553539,1,1,1
LOC105553542,1,6,6
LOC105553569,1,2,2
LOC105553572,1,3,3
LOC105553574,1,3,3
LOC105553592,1,1,1
LOC105553598,1,2,2
LOC105553608,1,4,4
LOC105553613,1,2,2
LOC105553619,1,2,2
LOC105553628,1,1,1
LOC105553631,1,1,1
LOC105553633,1,3,3
LOC105553645,1,1,1
LOC105553652,1,2,2
LOC105553653,1,2,2
LOC105553666,1,2,2
LOC105553668,1,5,5
LOC105553671,1,3,3
LOC105553679,1,3,3
LOC105553681,1,3,3
LOC105553684,1,4,4
LOC105553685,1,2,2
LOC105553686,1,2,2
LOC105553687,1,2,2
LOC105553698,1,2,2
LOC105553704,1,2,2
LOC105553705,1,5,5
LOC105553707,1,2,2
LOC105553708,1,1,1
LOC105553713,1,3,3
LOC105553720,1,2,2
LOC105553726,1,2,2
LOC105553733,1,3,3
LOC105553735,2,8,7
LOC105553737,1,3,3
LOC105553738,1,1,1
LOC105553741,1,3,3
LOC105553743,1,2,2
LOC105553744,1,1,1
LOC105553745,1,2,2
LOC105553746,1,2,2
LOC105553749,1,3,3
LOC105553762,1,3,3
LOC105553764,1,1,1
LOC105553787,1,2,2
LOC105553788,1,1,1
LOC105553805,2,6,5
LOC105553812,1,1,1
LOC105553817,1,2,2
LOC105553827,1,3,3
LOC105553837,1,1,1
LOC105553838,1,2,2
LOC105553843,1,1,1
LOC105553849,1,2,2
LOC105553866,1,1,1
LOC105553867,1,1,1
LOC105553873,1,1,1
LOC105553875,1,3,3
LOC105553882,1,1,1
LOC105553900,1,1,1
LOC105553901,4,8,7
LOC105553904,1,3,3
LOC105553907,2,7,6
LOC105553920,1,1,1
LOC105553925,1,3,3
LOC105553936,1,3,3
LOC105553938,1,4,4
LOC105553943,1,2,2
LOC105553948,1,2,2
LOC105553954,1,3,3
LOC105553955,1,3,3
LOC105553958,1,3,3
LOC105553963,1,3,3
LOC105553964,1,3,3
LOC105553966,1,5,5
LOC105553982,1,1,1
LOC105553986,1,2,2
LOC105553987,1,2,2
LOC105553994,1,2,2
LOC105554003,1,1,1
LOC105554012,1,2,2
LOC105554013,2,8,5
LOC105554020,1,4,4
LOC105554023,1,3,3
LOC105554028,1,2,2
LOC105554032,1,1,1
LOC105554033,1,2,2
LOC105554034,1,2,2
LOC105554035,1,2,2
LOC105554036,1,5,5
LOC105554038,2,5,3
LOC105554043,1,2,2
LOC105554047,1,2,2
LOC105554068,1,3,3
LOC105554070,1,2,2
LOC105554072,1,2,2
LOC105554074,1,2,2
LOC105554095,1,3,3
LOC105554096,1,2,2
LOC105554107,1,4,4
LOC105554113,1,24,24
LOC105554121,1,1,1
LOC105554132,1,4,4
LOC105554133,1,3,3
LOC105554143,1,1,1
LOC105554152,1,2,2
LOC105554161,1,2,2
LOC105554162,1,1,1
LOC105554182,1,2,2
LOC105554203,1,5,5
LOC105554207,1,2,2
LOC105554236,1,4,4
LOC105554246,1,3,3
LOC105554247,1,2,2
LOC105554252,1,2,2
LOC105554254,1,2,2
LOC105554260,1,3,3
LOC105554261,1,4,4
LOC105554263,1,4,4
LOC105554267,1,1,1
LOC105554284,2,7,4
LOC105554287,1,3,3
LOC105554312,1,4,4
LOC105554315,1,1,1
LOC105554317,1,3,3
LOC105554330,1,1,1
LOC105554335,1,1,1
LOC105554336,1,3,3
LOC105554347,1,2,2
LOC105554371,1,5,5
LOC105554373,1,1,1
LOC105554374,3,8,8
LOC105554376,1,2,2
LOC105554383,1,4,4
LOC105554401,1,2,2
LOC105554412,1,2,2
LOC105554419,1,1,1
LOC105554421,1,1,1
LOC105554431,1,1,1
LOC105554438,1,2,2
LOC105554457,1,2,2
LOC105554465,1,3,3
LOC105554478,1,3,3
LOC105554480,1,2,2
LOC105554482,1,2,2
LOC105554487,1,1,1
LOC105554492,1,1,1
LOC105554513,1,3,3
LOC105554514,1,3,3
LOC105554515,1,1,1
LOC105554516,1,4,4
LOC105554518,1,1,1
LOC105554527,1,2,2
LOC105554535,1,2,2
LOC105554540,1,2,2
LOC105554553,1,3,3
LOC105554569,1,3,3
LOC105554571,1,3,3
LOC105554574,1,3,3
LOC105554578,1,2,2
LOC105554580,1,3,3
LOC105554583,1,2,2
LOC105554591,1,1,1
LOC105554610,1,4,4
LOC105554614,1,2,2
LOC105554631,1,2,2
LOC105554634,1,2,2
LOC105554652,1,3,3
LOC105554655,1,2,2
LOC105554663,1,3,3
LOC105554669,1,2,2
LOC105554671,1,6,6
LOC105554674,1,1,1
LOC105554679,1,1,1
LOC105554691,1,3,3
LOC105554692,1,2,2
LOC105554694,1,2,2
LOC105554699,1,1,1
LOC105554710,1,2,2
LOC105554720,1,1,1
LOC105554721,1,2,2
LOC105554722,1,3,3
LOC105554723,1,3,3
LOC105554725,1,1,1
LOC105554730,1,5,5
LOC105554746,1,1,1
LOC105554750,1,3,3
LOC105554751,1,3,3
LOC105554757,1,3,3
LOC105554759,1,2,2
LOC105554760,1,4,4
LOC105554763,1,3,3
LOC105554769,1,2,2
LOC105554771,1,2,2
LOC105554772,1,5,5
LOC105554786,1,2,2
LOC105554788,1,3,3
LOC105554789,1,2,2
LOC105554797,1,3,3
LOC105554802,1,1,1
LOC105554812,1,1,1
LOC105554818,1,3,3
LOC105554851,2,7,5
LOC105554852,1,2,2
LOC105554853,2,10,7
LOC105554854,1,8,8
LOC105554855,1,1,1
LOC105554872,1,1,1
LOC105554874,1,1,1
LOC105554876,1,2,2
LOC105554885,1,1,1
LOC105554886,1,2,2
LOC105554889,1,2,2
LOC105554890,1,2,2
LOC105554893,1,2,2
LOC105554894,1,3,3
LOC105554907,1,4,4
LOC105554916,1,3,3
LOC105554919,1,1,1
LOC105554922,1,3,3
LOC105554932,1,1,1
LOC105554944,1,1,1
LOC105554946,1,1,1
LOC105554949,1,2,2
LOC105554951,1,2,2
LOC105554961,1,3,3
LOC105554962,1,2,2
LOC105554965,1,1,1
LOC105554996,1,2,2
LOC105554998,1,2,2
LOC105555009,1,3,3
LOC105555034,1,1,1
LOC105555036,1,2,2
LOC105555058,1,2,2
LOC105555064,1,3,3
LOC105555067,1,4,4
LOC105555088,1,1,1
LOC105555102,1,3,3
LOC105555109,1,2,2
LOC105555111,1,1,1
LOC105555132,1,2,2
LOC105555137,1,3,3
LOC105555141,1,5,5
LOC105555145,1,2,2
LOC105555148,1,4,4
LOC105555161,1,3,3
LOC105555162,2,8,5
LOC105555208,1,2,2
LOC105555209,1,4,4
LOC105555215,1,1,1
LOC105555217,1,1,1
LOC105555218,1,2,2
LOC105555231,1,4,4
LOC105555232,1,4,4
LOC105555235,1,1,1
LOC105555246,1,4,4
LOC105555250,1,3,3
LOC105555253,1,1,1
LOC105555254,1,3,3
LOC105555267,1,1,1
LOC105555268,1,1,1
LOC105555269,1,1,1
LOC105555273,1,1,1
LOC105555274,2,7,6
LOC105555276,1,2,2
LOC105555280,1,6,6
LOC105555299,1,3,3
LOC105555303,1,2,2
LOC105555304,1,3,3
LOC105555324,1,3,3
LOC105555325,1,2,2
LOC105555349,1,2,2
LOC105555366,1,3,3
LOC105555368,1,3,3
LOC105555381,1,1,1
LOC105555390,1,3,3
LOC105555392,1,1,1
LOC105555418,1,2,2
LOC105555424,1,2,2
LOC105555428,1,2,2
LOC105555438,2,11,10
LOC105555462,1,6,6
LOC105555464,2,7,5
LOC105555466,1,1,1
LOC105555467,1,17,17
LOC105555468,1,5,5
LOC105555486,1,4,4
LOC105555496,1,2,2
LOC105555504,1,4,4
LOC105555505,1,4,4
LOC105555506,1,2,2
LOC105555507,1,2,2
LOC105555508,1,2,2
LOC105555512,1,4,4
LOC105555514,2,5,5
LOC105555516,1,2,2
LOC105555521,2,4,3
LOC105555525,1,2,2
LOC105555527,1,1,1
LOC105555528,2,4,4
LOC105555530,1,1,1
LOC105555534,1,3,3
LOC105555549,1,2,2
LOC105555554,1,3,3
LOC105555559,1,2,2
LOC105555587,1,5,5
LOC105555595,1,4,4
LOC105555600,1,2,2
LOC105555610,1,3,3
LOC105555619,1,1,1
LOC105555630,1,2,2
LOC105555640,1,2,2
LOC105555644,1,2,2
MEA1,5,20,10
MIA,2,10,6
MLNR,1,2,2
MMP26,1,7,7
MRPL34,2,6,4
MT3,2,5,5
MTRNR2L1,1,1,1
MTRNR2L3,1,1,1
MTRNR2L4,1,1,1
MUS81,1,14,14
NAT6,7,15,9
NDUFA8,3,12,7
NEU1,1,6,6
NHLH1,1,2,2
NPBWR1,1,1,1
NRGN,2,8,7
ORMDL1,6,25,10
PAPOLB,1,1,1
PCP4L1,1,3,3
PDF,1,2,2
PDLIM4,1,10,10
PIGW,3,6,4
PIGY,1,2,2
PLN,1,2,2
PLP2,2,12,9
PNMA6A,1,4,4
PPIA,2,10,6
PRCD,6,30,17
PRM1,1,2,2
PRORY,1,2,2
PRR13,5,21,10
PSMD9,2,10,7
PTGR1,1,3,3
PTMA,1,5,5
PTMS,2,10,7
RBMXL1,2,5,3
RBMXL2,1,1,1
RBX1,1,5,5
RPH3AL,4,36,12
RPL15,10,42,19
RPL26,5,21,10
RPL41,1,4,4
RPLP2,1,5,5
SEPT1,1,11,11
SERP1,2,10,8
SF3A2,1,1,1
SFTA2,1,3,3
SLC18A3,1,1,1
SLC31A1,1,5,5
SLC35G6,1,2,2
SLC6A13,1,13,13
SLIRP,5,21,11
SMCO3,1,2,2
SMCO4,1,2,2
SMIM12,5,10,6
SMIM22,1,3,3
SMIM3,1,2,2
SMIM6,2,5,4
SMR3A,1,2,2
SMR3B,1,3,3
SPATA12,1,2,2
SPESP1,1,2,2
SPRR2G,1,2,2
SRA1,2,8,7
SRP19,4,19,8
SS18L2,1,4,4
SSBP1,8,57,17
SSTR2,1,2,2
SVIP,2,8,5
TIAF1,1,1,1
TIGD7,3,6,5
TMA7,1,3,3
TMSB15A,1,3,3
TNFAIP8L1,1,3,3
TNP1,1,2,2
TRMT112,2,8,6
TRNAA-AGC,1,1,1
TRNAA-AGC_1,1,1,1
TRNAA-AGC_10,1,1,1
TRNAA-AGC_11,1,1,1
TRNAA-AGC_12,1,1,1
TRNAA-AGC_13,1,1,1
TRNAA-AGC_14,1,1,1
TRNAA-AGC_15,1,1,1
TRNAA-AGC_16,1,1,1
TRNAA-AGC_17,1,1,1
TRNAA-AGC_2,1,1,1
TRNAA-AGC_3,1,1,1
TRNAA-AGC_4,1,1,1
TRNAA-AGC_5,1,1,1
TRNAA-AGC_6,1,1,1
TRNAA-AGC_7,1,1,1
TRNAA-AGC_8,1,1,1
TRNAA-AGC_9,1,1,1
TRNAA-CGC,1,1,1
TRNAA-CGC_1,1,1,1
TRNAA-CGC_2,1,1,1
TRNAA-CGC_3,1,1,1
TRNAA-CGC_4,1,1,1
TRNAA-UGC,1,1,1
TRNAA-UGC_1,1,1,1
TRNAA-UGC_2,1,1,1
TRNAA-UGC_3,1,1,1
TRNAA-UGC_4,1,1,1
TRNAA-UGC_5,1,1,1
TRNAA-UGC_6,1,1,1
TRNAA-UGC_7,1,1,1
TRNAA-UGC_8,1,1,1
TRNAC-ACA,1,1,1
TRNAC-GCA,1,1,1
TRNAC-GCA_1,1,1,1
TRNAC-GCA_10,1,1,1
TRNAC-GCA_11,1,1,1
TRNAC-GCA_12,1,1,1
TRNAC-GCA_13,1,1,1
TRNAC-GCA_14,1,1,1
TRNAC-GCA_15,1,1,1
TRNAC-GCA_16,1,1,1
TRNAC-GCA_17,1,1,1
TRNAC-GCA_18,1,1,1
TRNAC-GCA_19,1,1,1
TRNAC-GCA_2,1,1,1
TRNAC-GCA_3,1,1,1
TRNAC-GCA_4,1,1,1
TRNAC-GCA_5,1,1,1
TRNAC-GCA_6,1,1,1
TRNAC-GCA_7,1,1,1
TRNAC-GCA_8,1,1,1
TRNAC-GCA_9,1,1,1
TRNAD-GUC,1,1,1
TRNAD-GUC_1,1,1,1
TRNAD-GUC_2,1,1,1
TRNAD-GUC_3,1,1,1
TRNAD-GUC_4,1,1,1
TRNAD-GUC_5,1,1,1
TRNAD-GUC_6,1,1,1
TRNAD-GUC_7,1,1,1
TRNAD-GUC_8,1,1,1
TRNAD-GUC_9,1,1,1
TRNAE-CUC,1,1,1
TRNAE-CUC_1,1,1,1
TRNAE-CUC_2,1,1,1
TRNAE-CUC_3,1,1,1
TRNAE-UUC,1,1,1
TRNAE-UUC_1,1,1,1
TRNAE-UUC_2,1,1,1
TRNAE-UUC_3,1,1,1
TRNAE-UUC_4,1,1,1
TRNAE-UUC_5,1,1,1
TRNAE-UUC_6,1,1,1
TRNAE-UUC_7,1,1,1
TRNAE-UUC_8,1,1,1
TRNAE-UUC_9,1,1,1
TRNAF-GAA,1,1,1
TRNAF-GAA_1,1,1,1
TRNAF-GAA_10,1,1,1
TRNAF-GAA_2,1,1,1
TRNAF-GAA_3,1,1,1
TRNAF-GAA_4,1,1,1
TRNAF-GAA_5,1,1,1
TRNAF-GAA_6,1,1,1
TRNAF-GAA_7,1,1,1
TRNAF-GAA_8,1,1,1
TRNAF-GAA_9,1,1,1
TRNAG-ACC,1,1,1
TRNAG-CCC,1,1,1
TRNAG-CCC_1,1,1,1
TRNAG-CCC_2,1,1,1
TRNAG-CCC_3,1,1,1
TRNAG-CCC_4,1,1,1
TRNAG-CCC_5,1,1,1
TRNAG-CCC_6,1,1,1
TRNAG-GCC,1,1,1
TRNAG-GCC_1,1,1,1
TRNAG-GCC_2,1,1,1
TRNAG-GCC_3,1,1,1
TRNAG-GCC_4,1,1,1
TRNAG-GCC_5,1,1,1
TRNAG-GCC_6,1,1,1
TRNAG-UCC,1,1,1
TRNAG-UCC_1,1,1,1
TRNAG-UCC_2,1,1,1
TRNAG-UCC_3,1,1,1
TRNAG-UCC_4,1,1,1
TRNAH-GUG,1,1,1
TRNAH-GUG_1,1,1,1
TRNAH-GUG_10,1,1,1
TRNAH-GUG_2,1,1,1
TRNAH-GUG_3,1,1,1
TRNAH-GUG_4,1,1,1
TRNAH-GUG_5,1,1,1
TRNAH-GUG_6,1,1,1
TRNAH-GUG_7,1,1,1
TRNAH-GUG_8,1,1,1
TRNAH-GUG_9,1,1,1
TRNAI-AAU,1,1,1
TRNAI-AAU_1,1,1,1
TRNAI-AAU_10,1,1,1
TRNAI-AAU_2,1,1,1
TRNAI-AAU_3,1,1,1
TRNAI-AAU_4,1,1,1
TRNAI-AAU_5,1,1,1
TRNAI-AAU_6,1,1,1
TRNAI-AAU_7,1,1,1
TRNAI-AAU_8,1,1,1
TRNAI-AAU_9,1,1,1
TRNAI-GAU,1,1,1
TRNAI-GAU_1,1,1,1
TRNAI-GAU_2,1,1,1
TRNAI-GAU_3,1,1,1
TRNAI-UAU,1,2,2
TRNAI-UAU_1,1,2,2
TRNAI-UAU_2,1,2,2
TRNAI-UAU_3,1,2,2
TRNAI-UAU_4,1,2,2
TRNAI-UAU_5,1,2,2
TRNAI-UAU_6,1,2,2
TRNAK-CUU,1,1,1
TRNAK-CUU_1,1,1,1
TRNAK-CUU_10,1,1,1
TRNAK-CUU_2,1,1,1
TRNAK-CUU_3,1,1,1
TRNAK-CUU_4,1,1,1
TRNAK-CUU_5,1,1,1
TRNAK-CUU_6,1,1,1
TRNAK-CUU_7,1,1,1
TRNAK-CUU_8,1,1,1
TRNAK-CUU_9,1,1,1
TRNAK-UUU,1,1,1
TRNAK-UUU_1,1,1,1
TRNAK-UUU_10,1,1,1
TRNAK-UUU_11,1,1,1
TRNAK-UUU_2,1,1,1
TRNAK-UUU_3,1,1,1
TRNAK-UUU_4,1,1,1
TRNAK-UUU_5,1,1,1
TRNAK-UUU_6,1,1,1
TRNAK-UUU_7,1,1,1
TRNAK-UUU_8,1,1,1
TRNAK-UUU_9,1,1,1
TRNAL-AAG,1,1,1
TRNAL-AAG_1,1,1,1
TRNAL-AAG_2,1,1,1
TRNAL-AAG_3,1,1,1
TRNAL-AAG_4,1,1,1
TRNAL-AAG_5,1,1,1
TRNAL-AAG_6,1,1,1
TRNAL-AAG_7,1,1,1
TRNAL-AAG_8,1,1,1
TRNAL-CAA,1,2,2
TRNAL-CAA_1,1,2,2
TRNAL-CAA_2,1,2,2
TRNAL-CAA_3,1,2,2
TRNAL-CAA_4,1,2,2
TRNAL-CAG,1,1,1
TRNAL-CAG_1,1,1,1
TRNAL-CAG_2,1,1,1
TRNAL-CAG_3,1,1,1
TRNAL-CAG_4,1,1,1
TRNAL-UAA,1,1,1
TRNAL-UAA_1,1,1,1
TRNAL-UAA_2,1,1,1
TRNAL-UAA_3,1,1,1
TRNAL-UAA_4,1,1,1
TRNAL-UAG,1,1,1
TRNAL-UAG_1,1,1,1
TRNAL-UAG_2,1,1,1
TRNAM-CAU,1,1,1
TRNAM-CAU_1,1,1,1
TRNAM-CAU_10,1,1,1
TRNAM-CAU_11,1,1,1
TRNAM-CAU_12,1,1,1
TRNAM-CAU_13,1,1,1
TRNAM-CAU_14,1,1,1
TRNAM-CAU_15,1,1,1
TRNAM-CAU_2,1,1,1
TRNAM-CAU_3,1,1,1
TRNAM-CAU_4,1,1,1
TRNAM-CAU_5,1,1,1
TRNAM-CAU_6,1,1,1
TRNAM-CAU_7,1,1,1
TRNAM-CAU_8,1,1,1
TRNAM-CAU_9,1,1,1
TRNAN-AUU,1,1,1
TRNAN-GUU,1,1,1
TRNAN-GUU_1,1,1,1
TRNAN-GUU_10,1,1,1
TRNAN-GUU_11,1,1,1
TRNAN-GUU_12,1,1,1
TRNAN-GUU_13,1,1,1
TRNAN-GUU_14,1,1,1
TRNAN-GUU_15,1,1,1
TRNAN-GUU_16,1,1,1
TRNAN-GUU_17,1,1,1
TRNAN-GUU_2,1,1,1
TRNAN-GUU_3,1,1,1
TRNAN-GUU_4,1,1,1
TRNAN-GUU_5,1,1,1
TRNAN-GUU_6,1,1,1
TRNAN-GUU_7,1,1,1
TRNAN-GUU_8,1,1,1
TRNAN-GUU_9,1,1,1
TRNAP-AGG,1,1,1
TRNAP-AGG_1,1,1,1
TRNAP-AGG_2,1,1,1
TRNAP-AGG_3,1,1,1
TRNAP-AGG_4,1,1,1
TRNAP-AGG_5,1,1,1
TRNAP-AGG_6,1,1,1
TRNAP-AGG_7,1,1,1
TRNAP-AGG_8,1,1,1
TRNAP-AGG_9,1,1,1
TRNAP-CGG,1,1,1
TRNAP-CGG_1,1,1,1
TRNAP-CGG_2,1,1,1
TRNAP-CGG_3,1,1,1
TRNAP-CGG_4,1,1,1
TRNAP-UGG,1,1,1
TRNAP-UGG_1,1,1,1
TRNAP-UGG_2,1,1,1
TRNAP-UGG_3,1,1,1
TRNAP-UGG_4,1,1,1
TRNAP-UGG_5,1,1,1
TRNAP-UGG_6,1,1,1
TRNAQ-CUG,1,1,1
TRNAQ-CUG_1,1,1,1
TRNAQ-CUG_10,1,1,1
TRNAQ-CUG_2,1,1,1
TRNAQ-CUG_3,1,1,1
TRNAQ-CUG_4,1,1,1
TRNAQ-CUG_5,1,1,1
TRNAQ-CUG_6,1,1,1
TRNAQ-CUG_7,1,1,1
TRNAQ-CUG_8,1,1,1
TRNAQ-CUG_9,1,1,1
TRNAQ-UUG,1,1,1
TRNAQ-UUG_1,1,1,1
TRNAQ-UUG_2,1,1,1
TRNAQ-UUG_3,1,1,1
TRNAQ-UUG_4,1,1,1
TRNAR-ACG,1,1,1
TRNAR-ACG_1,1,1,1
TRNAR-ACG_2,1,1,1
TRNAR-ACG_3,1,1,1
TRNAR-ACG_4,1,1,1
TRNAR-ACG_5,1,1,1
TRNAR-ACG_6,1,1,1
TRNAR-ACG_7,1,1,1
TRNAR-CCG,1,1,1
TRNAR-CCG_1,1,1,1
TRNAR-CCG_2,1,1,1
TRNAR-CCU,1,1,1
TRNAR-CCU_1,1,1,1
TRNAR-CCU_2,1,1,1
TRNAR-CCU_3,1,1,1
TRNAR-CCU_4,1,1,1
TRNAR-UCG,1,1,1
TRNAR-UCG_1,1,1,1
TRNAR-UCG_2,1,1,1
TRNAR-UCG_3,1,1,1
TRNAR-UCG_4,1,1,1
TRNAR-UCU,1,1,1
TRNAR-UCU_1,1,2,2
TRNAR-UCU_2,1,2,2
TRNAR-UCU_3,1,2,2
TRNAR-UCU_4,1,2,2
TRNAR-UCU_5,1,2,2
TRNAS-AGA,1,1,1
TRNAS-AGA_1,1,1,1
TRNAS-AGA_2,1,1,1
TRNAS-AGA_3,1,1,1
TRNAS-AGA_4,1,1,1
TRNAS-AGA_5,1,1,1
TRNAS-AGA_6,1,1,1
TRNAS-AGA_7,1,1,1
TRNAS-AGA_8,1,1,1
TRNAS-CGA,1,1,1
TRNAS-CGA_1,1,1,1
TRNAS-CGA_2,1,1,1
TRNAS-GCU,1,1,1
TRNAS-GCU_1,1,1,1
TRNAS-GCU_2,1,1,1
TRNAS-GCU_3,1,1,1
TRNAS-GCU_4,1,1,1
TRNAS-GCU_5,1,1,1
TRNAS-GCU_6,1,1,1
TRNAS-GCU_7,1,1,1
TRNAS-UGA,1,1,1
TRNAS-UGA_1,1,1,1
TRNAS-UGA_2,1,1,1
TRNAS-UGA_3,1,1,1
TRNASTOP-UCA,1,1,1
TRNASTOP-UUA,1,1,1
TRNAT-AGU,1,1,1
TRNAT-AGU_1,1,1,1
TRNAT-AGU_2,1,1,1
TRNAT-AGU_3,1,1,1
TRNAT-AGU_4,1,1,1
TRNAT-AGU_5,1,1,1
TRNAT-AGU_6,1,1,1
TRNAT-AGU_7,1,1,1
TRNAT-CGU,1,1,1
TRNAT-CGU_1,1,1,1
TRNAT-CGU_2,1,1,1
TRNAT-CGU_3,1,1,1
TRNAT-UGU,1,1,1
TRNAT-UGU_1,1,1,1
TRNAT-UGU_2,1,1,1
TRNAT-UGU_3,1,1,1
TRNAT-UGU_4,1,1,1
TRNAT-UGU_5,1,1,1
TRNAV-AAC,1,1,1
TRNAV-AAC_1,1,1,1
TRNAV-AAC_2,1,1,1
TRNAV-AAC_3,1,1,1
TRNAV-AAC_4,1,1,1
TRNAV-AAC_5,1,1,1
TRNAV-AAC_6,1,1,1
TRNAV-AAC_7,1,1,1
TRNAV-CAC,1,1,1
TRNAV-CAC_1,1,1,1
TRNAV-CAC_10,1,1,1
TRNAV-CAC_2,1,1,1
TRNAV-CAC_3,1,1,1
TRNAV-CAC_4,1,1,1
TRNAV-CAC_5,1,1,1
TRNAV-CAC_6,1,1,1
TRNAV-CAC_7,1,1,1
TRNAV-CAC_8,1,1,1
TRNAV-CAC_9,1,1,1
TRNAV-UAC,1,1,1
TRNAV-UAC_1,1,1,1
TRNAV-UAC_2,1,1,1
TRNAV-UAC_3,1,1,1
TRNAV-UAC_4,1,1,1
TRNAW-CCA,1,1,1
TRNAW-CCA_1,1,1,1
TRNAW-CCA_2,1,1,1
TRNAW-CCA_3,1,1,1
TRNAW-CCA_4,1,1,1
TRNAW-CCA_5,1,1,1
TRNAW-CCA_6,1,1,1
TRNAW-CCA_7,1,1,1
TRNAY-GUA,1,2,2
TRNAY-GUA_1,1,2,2
TRNAY-GUA_2,1,2,2
TRNAY-GUA_3,1,2,2
TRNAY-GUA_4,1,2,2
TRNAY-GUA_5,1,2,2
TRNAY-GUA_6,1,2,2
TRNAY-GUA_7,1,2,2
TRNAY-GUA_8,1,2,2
TRNAY-GUA_9,1,2,2
TSTD1,2,7,6
TXN2,1,1,1
UFM1,1,5,5
VIM,3,29,14
WFDC10A,1,2,2
ZNF428,2,6,4
ZNF432,2,11,8
ZNF580,2,4,3
ZNF696,1,3,3
ZNF799,2,7,5
ZNRD1,5,23,12
ZNRF2,1,3,3
