species,commonName,Higher Order,Phylum,group,database,taxid,link,filePrefix,num_transcript,num_gene,num_exon,num_uniqExon,min_transcriptPerGene,min_exonPerTranscript,min_exonPerGene,q1_transcriptPerGene,q1_exonPerTranscript,q1_exonPerGene,median_transcriptPerGene,median_exonPerTranscript,median_exonPerGene,q3_transcriptPerGene,q3_exonPerTranscript,q3_exonPerGene,max_transcriptPerGene,max_exonPerTranscript,max_exonPerGene,mean_transcriptPerGene,mean_exonPerTranscript,mean_exonPerGene,TpG Normalized Variation,EpT Normalized Variation,EpG Normalized Variation,std_transcriptPerGene,std_exonPerTranscript,std_exonPerGene
Amborella trichopoda,Amborella,Plantae,,Amborellales,refseq,13333_0,https://ftp.ncbi.nlm.nih.gov/genomes/all/GCF/000/471/905/GCF_000471905.2_AMTR1.0/GCF_000471905.2_AMTR1.0_genomic.gtf.gz,GCF_000471905.2_AMTR1.0_genomic,36511,18630,269623,133771,1,1,1,1,3,2,1,6,5,2,10,10,50,81,92,1.959796028,7.384705979,7.181320451,1.959045947,4.8394987,6.037259358,1.959420951,5.978149796,6.584488902
Arabidopsis thaliana,thale cress,Plantae,,Brassicales,refseq,3702_0,https://ftp.ncbi.nlm.nih.gov/genomes/all/GCF/000/001/735/GCF_000001735.4_TAIR10.1/GCF_000001735.4_TAIR10.1_genomic.gtf.gz,GCF_000001735.4_TAIR10.1_genomic,60212,38186,324656,203189,1,1,1,1,1,1,1,4,3,2,7,7,27,221,81,1.576808254,5.411474481,5.323966899,0.955469474,5.611412409,6.827647457,1.227433157,5.51053673,6.029110138
Beta vulgaris,beet,Plantae,,Caryophyllales,refseq,3555_0,https://ftp.ncbi.nlm.nih.gov/genomes/all/GCF/000/511/025/GCF_000511025.2_RefBeet-1.2.2/GCF_000511025.2_RefBeet-1.2.2_genomic.gtf.gz,GCF_000511025.2_RefBeet-1.2.2_genomic,38750,27535,227401,149224,1,1,1,1,2,2,1,4,3,1,8,7,50,79,92,1.4072998,5.868412903,5.419974578,1.145928914,5.149441983,5.610529573,1.269907686,5.497185805,5.514429041
Brassica rapa,field mustard,Plantae,,Brassicales,refseq,3711_0,https://ftp.ncbi.nlm.nih.gov/genomes/all/GCF/000/309/985/GCF_000309985.2_CAAS_Brap_v3.01/GCF_000309985.2_CAAS_Brap_v3.01_genomic.gtf.gz,GCF_000309985.2_CAAS_Brap_v3.01_genomic,74688,49745,429768,277184,1,1,1,1,2,2,1,4,4,1,8,8,50,79,80,1.501417228,5.754177378,5.577002714,1.511868306,4.662630829,5.682703201,1.506633705,5.17973019,5.629604886
Camelina sativa,false flax,Plantae,,Brassicales,refseq,90675_0,https://ftp.ncbi.nlm.nih.gov/genomes/all/GCF/000/633/955/GCF_000633955.1_Cs/GCF_000633955.1_Cs_genomic.gtf.gz,GCF_000633955.1_Cs_genomic,124682,90812,785731,516993,1,1,1,1,2,2,1,4,4,1,8,8,50,83,158,1.37296833,6.301879983,5.694170374,1.186756645,6.384768802,5.63273042,1.276471421,6.343189001,5.66336708
Capsicum annuum,Capsicum,Plantae,,Solanales,refseq,4072_0,https://ftp.ncbi.nlm.nih.gov/genomes/all/GCF/000/710/875/GCF_000710875.1_Pepper_Zunla_1_Ref_v1.0/GCF_000710875.1_Pepper_Zunla_1_Ref_v1.0_genomic.gtf.gz,GCF_000710875.1_Pepper_Zunla_1_Ref_v1.0_genomic,58324,36744,341555,208108,1,1,1,1,3,2,1,4,4,1,8,7,38,78,78,1.587306771,5.856165558,5.66448944,1.622290909,4.18486885,5.228934183,1.604703507,4.950483292,5.442356334
Carica papaya,papaya,Plantae,,Brassicales,refseq,3649_0,https://ftp.ncbi.nlm.nih.gov/genomes/all/GCF/000/150/535/GCF_000150535.2_Papaya1.0/GCF_000150535.2_Papaya1.0_genomic.gtf.gz,GCF_000150535.2_Papaya1.0_genomic,30166,19881,185840,123018,1,1,1,1,3,2,1,5,5,1,8,9,50,63,76,1.517328102,6.160578134,6.188873799,1.469286941,3.692858963,4.641253753,1.493114318,4.769711331,5.359490064
Chenopodium quinoa ,quinoa,Plantae,,Caryophyllales,refseq,63459_0,https://ftp.ncbi.nlm.nih.gov/genomes/all/GCF/001/683/475/GCF_001683475.1_ASM168347v1/GCF_001683475.1_ASM168347v1_genomic.gtf.gz,GCF_001683475.1_ASM168347v1_genomic,75862,55243,441631,304819,1,1,1,1,2,2,1,4,4,1,8,7,35,79,86,1.373241859,5.821504838,5.519034086,0.934096239,4.9030583,5.312567421,1.132581147,5.34258155,5.414816773
Cicer arietinum,Garbonzo bean,Plantae,,Fabales,refseq,3827_0,https://ftp.ncbi.nlm.nih.gov/genomes/all/GCF/000/331/145/GCF_000331145.1_ASM33114v1/GCF_000331145.1_ASM33114v1_genomic.gtf.gz,GCF_000331145.1_ASM33114v1_genomic,42608,28783,267494,171343,1,1,1,1,2,2,1,5,4,1,9,8,50,78,84,1.480318243,6.278022906,5.954556509,1.326900219,4.956857574,5.651719548,1.401511542,5.57846443,5.801162248
Citrus sinensis ,Sweet Orange,Plantae,,Sapindales,refseq,2711_0,https://ftp.ncbi.nlm.nih.gov/genomes/all/GCF/000/317/415/GCF_000317415.1_Csi_valencia_1.0/GCF_000317415.1_Csi_valencia_1.0_genomic.gtf.gz,GCF_000317415.1_Csi_valencia_1.0_genomic,47212,28618,303363,169940,1,1,1,1,2,2,1,5,4,2,9,8,40,79,88,1.649730939,6.425548589,5.939513593,1.630043041,5.243332228,6.104558594,1.639857444,5.804419523,6.021470647
Cucumis melo,melon,Plantae,,Cucurbitales,refseq,3656_0,https://ftp.ncbi.nlm.nih.gov/genomes/all/GCF/000/313/045/GCF_000313045.1_ASM31304v1/GCF_000313045.1_ASM31304v1_genomic.gtf.gz,GCF_000313045.1_ASM31304v1_genomic,36008,22318,238778,143649,1,1,1,1,3,2,1,5,5,2,9,9,36,79,83,1.613406219,6.631248611,6.437001523,1.338886609,4.703988275,5.600789194,1.469750993,5.585097646,6.0043558
Cucurbita maxima,pumpkin,Plantae,,Cucurbitales,refseq,3661_0,https://ftp.ncbi.nlm.nih.gov/genomes/all/GCF/002/738/345/GCF_002738345.1_Cmax_1.0/GCF_002738345.1_Cmax_1.0_genomic.gtf.gz,GCF_002738345.1_Cmax_1.0_genomic,52762,34136,334251,205326,1,1,1,1,2,2,1,5,4,2,9,9,50,79,80,1.545640966,6.335070695,6.015672604,1.035337774,4.885802098,5.77567852,1.265014022,5.563443331,5.894454261
Durio zibethinus,durian,Plantae,,Malvales,refseq,66656_0,https://ftp.ncbi.nlm.nih.gov/genomes/all/GCF/002/303/985/GCF_002303985.1_Duzib1.0/GCF_002303985.1_Duzib1.0_genomic.gtf.gz,GCF_002303985.1_Duzib1.0_genomic,69071,37161,522029,256427,1,1,1,1,3,2,1,6,5,2,10,9,50,79,99,1.858695945,7.557860752,6.901294368,1.93543759,5.494553055,6.123771089,1.896678676,6.444149818,6.500918929
Erythranthe guttata,spotted monkey flower,Plantae,,Lamiales,refseq,4155_0,https://ftp.ncbi.nlm.nih.gov/genomes/all/GCF/000/504/015/GCF_000504015.1_Mimgu1_0/GCF_000504015.1_Mimgu1_0_genomic.gtf.gz,GCF_000504015.1_Mimgu1_0_genomic,35144,29530,195939,157842,1,1,1,1,2,2,1,4,4,1,8,7,20,79,79,1.190111751,5.575318689,5.34588554,0.357988239,5.056557517,5.162422863,0.652722001,5.309606353,5.25335338
Eucalyptus grandis,rose gum,Plantae,,Myrtales,refseq,71139_0,https://ftp.ncbi.nlm.nih.gov/genomes/all/GCF/016/545/825/GCF_016545825.1_ASM1654582v1/GCF_016545825.1_ASM1654582v1_genomic.gtf.gz,GCF_016545825.1_ASM1654582v1_genomic,55080,38609,320833,216574,1,1,1,1,2,2,1,4,4,1,8,7,50,80,84,1.426610376,5.824854757,5.610583025,1.487879868,4.515114323,5.205957576,1.456923079,5.128341364,5.404484916
Eutrema salsugineum,saltwater cress,Plantae,,Brassicales,refseq,72664_0,https://ftp.ncbi.nlm.nih.gov/genomes/all/GCF/000/478/725/GCF_000478725.1_Eutsalg1_0/GCF_000478725.1_Eutsalg1_0_genomic.gtf.gz,GCF_000478725.1_Eutsalg1_0_genomic,39173,31397,219353,164021,1,1,1,1,2,1,1,4,3,1,8,7,23,79,79,1.247666975,5.599596661,5.224766697,0.499138804,5.229734529,5.450221879,0.78915081,5.41150663,5.336303755
Glycine max,soy beans,Plantae,,Fabales,refseq,3847_0,https://ftp.ncbi.nlm.nih.gov/genomes/all/GCF/000/004/515/GCF_000004515.6_Glycine_max_v4.0/GCF_000004515.6_Glycine_max_v4.0_genomic.gtf.gz,GCF_000004515.6_Glycine_max_v4.0_genomic,89356,54358,574286,331612,1,1,1,1,2,2,1,5,4,2,9,9,50,78,82,1.643842673,6.42694391,6.101383421,1.86536842,4.570923663,5.768471447,1.751105996,5.420061808,5.932592692
Gossypium arboreum,tree cotton,Plantae,,Malvales,refseq,29729_0,https://ftp.ncbi.nlm.nih.gov/genomes/all/GCF/000/612/285/GCF_000612285.1_Gossypium_arboreum_v1.0/GCF_000612285.1_Gossypium_arboreum_v1.0_genomic.gtf.gz,GCF_000612285.1_Gossypium_arboreum_v1.0_genomic,54293,37669,335671,220374,1,1,1,1,2,2,1,5,4,1,8,8,40,79,81,1.441317794,6.18258339,5.85136319,1.004898999,4.726390639,5.334101555,1.203486107,5.40567334,5.586749099
Helianthus annuus,common sunflower,Plantae,,Asterales,refseq,4232_0,https://ftp.ncbi.nlm.nih.gov/genomes/all/GCF/002/127/325/GCF_002127325.2_HanXRQr2.0-SUNRISE/GCF_002127325.2_HanXRQr2.0-SUNRISE_genomic.gtf.gz,GCF_002127325.2_HanXRQr2.0-SUNRISE_genomic,134401,80910,798583,404587,1,1,1,1,2,2,1,5,3,1,8,6,50,77,79,1.661117291,5.941793588,5.001334816,4.198452014,3.911854991,6.029372979,2.640856156,4.821144564,5.491348923
Hevea brasiliensis ,rubber tree,Plantae,,Malpighiales,refseq,3981_0,https://ftp.ncbi.nlm.nih.gov/genomes/all/GCF/001/654/055/GCF_001654055.1_ASM165405v1/GCF_001654055.1_ASM165405v1_genomic.gtf.gz,GCF_001654055.1_ASM165405v1_genomic,66642,38325,447869,246673,1,1,1,1,3,2,1,5,4,2,9,9,50,79,81,1.738864971,6.720521593,6.437155903,1.766598129,4.518848332,5.641936118,1.752676697,5.510809178,6.026443594
Ipomoea nil,Japanese morning glory,Plantae,,Solanales,refseq,35883_0,https://ftp.ncbi.nlm.nih.gov/genomes/all/GCF/001/879/475/GCF_001879475.1_Asagao_1.1/GCF_001879475.1_Asagao_1.1_genomic.gtf.gz,GCF_001879475.1_Asagao_1.1_genomic,65372,46482,356888,233728,1,1,1,1,2,1,1,4,3,1,7,7,27,79,84,1.406393873,5.45934039,5.028699281,0.79092474,5.212518728,5.565728761,1.054680856,5.334502228,5.290404164
Lactuca sativa,lettuce,Plantae,,Asterales,refseq,4236_0,https://ftp.ncbi.nlm.nih.gov/genomes/all/GCF/002/870/075/GCF_002870075.2_Lsat_Salinas_v7/GCF_002870075.2_Lsat_Salinas_v7_genomic.gtf.gz,GCF_002870075.2_Lsat_Salinas_v7_genomic,66051,45450,364950,231371,1,1,1,1,2,2,1,4,3,1,8,7,50,77,82,1.453267327,5.525275923,5.091221122,2.259201572,4.333603223,5.546249868,1.81196684,4.893296797,5.313867186
Malus domestica,apple,Plantae,,Rosales,refseq,3750_0,https://ftp.ncbi.nlm.nih.gov/genomes/all/GCF/002/114/115/GCF_002114115.1_ASM211411v1/GCF_002114115.1_ASM211411v1_genomic.gtf.gz,GCF_002114115.1_ASM211411v1_genomic,65610,41833,425362,254885,1,1,1,1,3,2,1,5,4,1,9,8,50,80,91,1.568379031,6.483188538,6.094542586,2.274321274,4.52687665,5.801557314,1.888649728,5.417434338,5.946245716
Manihot esculenta,cassava/yuca (not yucca),Plantae,,Malpighiales,refseq,3983_0,https://ftp.ncbi.nlm.nih.gov/genomes/all/GCF/001/659/605/GCF_001659605.2_M.esculenta_v8/GCF_001659605.2_M.esculenta_v8_genomic.gtf.gz,GCF_001659605.2_M.esculenta_v8_genomic,57290,33110,396529,208578,1,1,1,1,3,2,1,5,4,2,9,9,50,79,92,1.730292963,6.921434805,6.30102688,1.853459996,5.327842994,6.068921595,1.79081791,6.072587417,6.183885356
Momordica charantia ,Bitter gourd,Plantae,,Cucurbitales,refseq,3673_0,https://ftp.ncbi.nlm.nih.gov/genomes/all/GCF/001/995/035/GCF_001995035.1_ASM199503v1/GCF_001995035.1_ASM199503v1_genomic.gtf.gz,GCF_001995035.1_ASM199503v1_genomic,32392,21160,219775,137078,1,1,1,1,3,2,1,5,5,2,9,9,27,79,87,1.530812854,6.784854285,6.478544423,1.045366457,4.786714261,5.440683271,1.265013996,5.698873464,5.936978041
Nelumbo nucifera,sacred lotus,Plantae,,"	Proteales",refseq,4432_0,https://ftp.ncbi.nlm.nih.gov/genomes/all/GCF/000/365/185/GCF_000365185.1_Chinese_Lotus_1.1/GCF_000365185.1_Chinese_Lotus_1.1_genomic.gtf.gz,GCF_000365185.1_Chinese_Lotus_1.1_genomic,44057,26754,298443,170213,1,1,1,1,3,2,1,5,4,2,9,9,31,79,80,1.646744412,6.77402002,6.362450475,1.213164292,4.907353786,5.651912971,1.413425456,5.765632037,5.996667105
Nicotiana tabacum,American tobacco,Plantae,,Solanales,refseq,4097_0,https://ftp.ncbi.nlm.nih.gov/genomes/all/GCF/000/715/135/GCF_000715135.1_Ntab-TN90/GCF_000715135.1_Ntab-TN90_genomic.gtf.gz,GCF_000715135.1_Ntab-TN90_genomic,102095,70731,567956,374002,1,1,1,1,2,2,1,4,3,1,7,7,45,81,81,1.443426503,5.563014839,5.288303573,1.22378312,4.029056402,4.764251841,1.329075238,4.73431099,5.019443199
Physcomitrium patens,spreading earthmoss,Plantae,,Bryophta,refseq,3218_0,https://ftp.ncbi.nlm.nih.gov/genomes/all/GCF/000/002/425/GCF_000002425.4_Phypa_V3/GCF_000002425.4_Phypa_V3_genomic.gtf.gz,GCF_000002425.4_Phypa_V3_genomic,55515,23183,451740,191180,1,1,1,1,3,3,1,6,6,3,11,11.5,50,78,85,2.394642626,8.1372602,8.246861925,2.765217262,5.135546701,6.389560499,2.573267792,6.464462837,7.259051122
Prunus persica,peach,Plantae,,Rosales,refseq,3760_0,https://ftp.ncbi.nlm.nih.gov/genomes/all/GCF/000/346/465/GCF_000346465.2_Prunus_persica_NCBIv2/GCF_000346465.2_Prunus_persica_NCBIv2_genomic.gtf.gz,GCF_000346465.2_Prunus_persica_NCBIv2_genomic,36592,25105,230672,152935,1,1,1,1,2,2,1,5,4,1,9,8,28,79,79,1.457558255,6.303891561,6.093168691,0.950546945,4.824925182,5.452021642,1.177063102,5.515052596,5.763686977
Pyrus x bretschneideri,Chinese white pear,Plantae,,Rosales,refseq,225117_0,https://ftp.ncbi.nlm.nih.gov/genomes/all/GCF/000/315/295/GCF_000315295.1_Pbr_v1.0/GCF_000315295.1_Pbr_v1.0_genomic.gtf.gz,GCF_000315295.1_Pbr_v1.0_genomic,54583,38969,345256,237554,1,1,1,1,3,2,1,5,4,1,9,8,50,111,111,1.400677462,6.325339391,6.096538274,0.817231863,4.675371888,5.131335263,1.069896374,5.438135156,5.593154908
Quercus suber,cork oak,Plantae,,Fagales,refseq,58331_0,https://ftp.ncbi.nlm.nih.gov/genomes/all/GCF/002/906/115/GCF_002906115.1_CorkOak1.0/GCF_002906115.1_CorkOak1.0_genomic.gtf.gz,GCF_002906115.1_CorkOak1.0_genomic,66715,53852,317843,232695,1,1,1,1,2,1,1,3,3,1,6,5,47,72,75,1.238858353,4.764190962,4.321937904,0.671983774,4.59930898,4.886776012,0.912410386,4.681024062,4.595687378
Rosa chinensis,Chinese rose,Plantae,,Rosales,refseq,74649_0,https://ftp.ncbi.nlm.nih.gov/genomes/all/GCF/002/994/745/GCF_002994745.2_RchiOBHm-V2/GCF_002994745.2_RchiOBHm-V2_genomic.gtf.gz,GCF_002994745.2_RchiOBHm-V2_genomic,66835,38649,429438,229586,1,1,1,1,3,2,1,5,4,2,9,8,50,79,89,1.729281482,6.425346001,5.941861368,2.845386289,4.23387187,5.687643025,2.218214106,5.215754182,5.813362741
Selaginella moellendorffii,Selaginella,Plantae,,Lycophytes,refseq,88036_0,https://ftp.ncbi.nlm.nih.gov/genomes/all/GCF/000/143/415/GCF_000143415.4_v1.0/GCF_000143415.4_v1.0_genomic.gtf.gz,GCF_000143415.4_v1.0_genomic,50436,36907,336974,235634,1,1,1,1,2,2,1,5,4,1,9,9,20,79,83,1.366570027,6.681219764,6.3867559,0.617466054,5.22289419,5.784072306,0.918591641,5.907224719,6.077948497
Sesamum indicum,seasame,Plantae,,Lamiales,refseq,4182_0,https://ftp.ncbi.nlm.nih.gov/genomes/all/GCF/000/512/975/GCF_000512975.1_S_indicum_v1.0/GCF_000512975.1_S_indicum_v1.0_genomic.gtf.gz,GCF_000512975.1_S_indicum_v1.0_genomic,39453,25992,261239,164891,1,1,1,1,3,2,1,5,5,2,9,9,49,79,79,1.51789012,6.621524345,6.345298553,1.124411016,4.709586954,5.414409415,1.306419677,5.584321326,5.861402923
Solanum tuberosum,potatoe,Plantae,,Solanales,refseq,4113_0,https://ftp.ncbi.nlm.nih.gov/genomes/all/GCF/000/226/075/GCF_000226075.1_SolTub_3.0/GCF_000226075.1_SolTub_3.0_genomic.gtf.gz,GCF_000226075.1_SolTub_3.0_genomic,44241,31543,265963,177814,1,1,1,1,2,2,1,4,4,1,8,8,50,80,86,1.402561583,6.011685993,5.638113052,1.066471572,5.072718588,5.326237695,1.223025779,5.522281348,5.479957141
Theobroma cacao,cacao,Plantae,,Malvales,refseq,3641_0,https://ftp.ncbi.nlm.nih.gov/genomes/all/GCF/000/208/745/GCF_000208745.1_Criollo_cocoa_genome_V2/GCF_000208745.1_Criollo_cocoa_genome_V2_genomic.gtf.gz,GCF_000208745.1_Criollo_cocoa_genome_V2_genomic,35082,23715,229173,146579,1,1,1,1,3,2,1,5,4,2,9,8,32,79,80,1.479316888,6.532495297,6.181699346,0.918532687,5.041346005,5.513162697,1.165676163,5.738690536,5.837868981
Vigna angularis,azuki bean,Plantae,,Fabales,refseq,3914_0,https://ftp.ncbi.nlm.nih.gov/genomes/all/GCF/001/190/045/GCF_001190045.1_Vigan1.1/GCF_001190045.1_Vigan1.1_genomic.gtf.gz,GCF_001190045.1_Vigan1.1_genomic,40990,28294,262402,170992,1,1,1,1,2,2,1,5,4,1,9,8,21,78,86,1.448717042,6.401610149,6.043825546,0.859339677,4.847462006,5.281546496,1.115768809,5.570597991,5.649844745
Vitis vinifera,wine grape,Plantae,,Vitales,refseq,29760_0,https://ftp.ncbi.nlm.nih.gov/genomes/all/GCF/000/003/745/GCF_000003745.3_12X/GCF_000003745.3_12X_genomic.gtf.gz,GCF_000003745.3_12X_genomic,47296,28371,310459,175366,1,1,1,1,3,2,1,5,4,2,9,8,44,79,87,1.667054387,6.564170332,6.183180008,1.720100288,4.761016737,5.765427921,1.693369638,5.59035999,5.970651443
Ziziphus jujuba,common jujube,Plantae,,Rosales,refseq,326968_0,https://ftp.ncbi.nlm.nih.gov/genomes/all/GCF/000/826/755/GCF_000826755.1_ZizJuj_1.1/GCF_000826755.1_ZizJuj_1.1_genomic.gtf.gz,GCF_000826755.1_ZizJuj_1.1_genomic,50542,33507,298446,190961,1,1,1,1,2,2,1,4,4,1,8,8,50,78,88,1.50840123,5.904910767,5.700182052,1.260462315,4.571982866,5.344020245,1.378870156,5.195878256,5.519228958
Brachypodium distachyon,stiff brome,Plantae,,Poales,refseq,15368_0,https://ftp.ncbi.nlm.nih.gov/genomes/all/GCF/000/005/505/GCF_000005505.3_Brachypodium_distachyon_v3.0/GCF_000005505.3_Brachypodium_distachyon_v3.0_genomic.gtf.gz,GCF_000005505.3_Brachypodium_distachyon_v3.0_genomic,48554,29936,291959,178041,1,1,1,1,2,2,1,4,4,2,8,8,46,79,89,1.621926777,6.013078222,5.948456708,1.984804269,4.741108183,5.799879651,1.794214923,5.33934962,5.87369841
Oryza sativa,Japanese rice,Plantae,,Poales,refseq,39947_0,https://ftp.ncbi.nlm.nih.gov/genomes/all/GCF/001/433/935/GCF_001433935.1_IRGSP-1.0/GCF_001433935.1_IRGSP-1.0_genomic.gtf.gz,GCF_001433935.1_IRGSP-1.0_genomic,54090,33681,329509,195996,1,1,1,1,2,2,1,4,4,1,8,8,50,79,86,1.605949942,6.09186541,5.82271904,2.162278427,4.856517139,5.870579191,1.863467444,5.43923237,5.846600143
Sorghum bicolor,sorghum,Plantae,,Poales,refseq,4558_0,https://ftp.ncbi.nlm.nih.gov/genomes/all/GCF/000/003/195/GCF_000003195.3_Sorghum_bicolor_NCBIv3/GCF_000003195.3_Sorghum_bicolor_NCBIv3_genomic.gtf.gz,GCF_000003195.3_Sorghum_bicolor_NCBIv3_genomic,48775,31624,292087,184349,1,1,1,1,2,2,1,4,4,1,8,8,50,81,82,1.54234126,5.988457201,5.830666582,2.063608157,4.549636741,5.5847734,1.784036996,5.219703526,5.706395678
Zea mays,maize,Plantae,,Poales,refseq,4577_0,https://ftp.ncbi.nlm.nih.gov/genomes/all/GCF/902/167/145/GCF_902167145.1_Zm-B73-REFERENCE-NAM-5.0/GCF_902167145.1_Zm-B73-REFERENCE-NAM-5.0_genomic.gtf.gz,GCF_902167145.1_Zm-B73-REFERENCE-NAM-5.0_genomic,78365,45738,496625,259302,1,1,1,1,2,2,1,5,3,2,9,8,50,79,81,1.713345577,6.337331717,5.67182649,3.287823736,5.13955642,6.556620218,2.373431746,5.707107316,6.098197458
Musa acuminata,wild Malaysian banana,Plantae,,Zingiberales,refseq,214687_0,https://ftp.ncbi.nlm.nih.gov/genomes/all/GCF/000/313/855/GCF_000313855.2_ASM31385v2/GCF_000313855.2_ASM31385v2_genomic.gtf.gz,GCF_000313855.2_ASM31385v2_genomic,53882,33319,344492,209544,1,1,1,1,3,2,1,5,5,2,9,9,22,79,81,1.617155377,6.393452359,6.28974459,1.105345412,4.440710384,5.077458112,1.336979909,5.328364691,5.651187016
Drosophila ananassae,,Flies,Hexapoda,Drosophila,FlyBase,7217,http://ftp.flybase.net/releases/FB2015_04/dana_r1.04/gtf/dana-all-r1.04.gtf.gz,dana-all-r1.04,23118,15744,128216,71923,1,1,1,1,2,2,1,4,3,1,7,6,49,78,89,1.468368902,5.546154512,4.569677337,1.643942454,5.36362077,4.482869543,1.553677565,5.454124085,4.526065328
Drosophila erecta,,Flies,Hexapoda,Drosophila,FlyBase,7220,http://ftp.flybase.net/releases/FB2015_04/dere_r1.04/gtf/dere-all-r1.04.gtf.gz,dere-all-r1.04,20853,14679,116501,66741,1,1,1,1,2,2,1,4,3,1,7,6,64,76,76,1.420600858,5.586774085,4.552966823,1.859293706,4.813118532,4.620136814,1.625212058,5.185538148,4.586428854
Drosophila grimshawi,,Flies,Hexapoda,Drosophila,FlyBase,7222,http://ftp.flybase.net/releases/FB2015_04/dgri_r1.3/gtf/dgri-all-r1.3.gtf.gz,dgri-all-r1.3,15507,15503,56812,56795,1,1,1,1,1,1,1,3,3,1,5,5,2,49,49,1.000258015,3.663635777,3.663484487,0.000257898,2.953748252,2.954700643,0.016061278,3.289598421,3.290060785
Drosophila melanogaster,,Flies,Hexapoda,Drosophila,FlyBase,7227,http://ftp.flybase.net/releases/FB2015_04/dmel_r6.07/gtf/dmel-all-r6.07.gtf.gz,dmel-all-r6.07,34478,17478,186766,83246,1,1,1,1,2,2,1,4,3,2,7,6,75,82,118,1.972651333,5.416961541,4.834019911,2.103575524,4.750936983,5.439735203,2.03706187,5.07303094,5.127941915
Drosophila mojavensis,,Flies,Hexapoda,Drosophila,FlyBase,7230,http://ftp.flybase.net/releases/FB2015_04/dmoj_r1.04/gtf/dmoj-all-r1.04.gtf.gz,dmoj-all-r1.04,21766,14609,122664,70933,1,1,1,1,2,2,1,4,3,1,7,6,60,71,71,1.489903484,5.635578425,4.857279759,1.841840712,4.578614844,4.454440034,1.65655211,5.079679422,4.651500985
Drosophila persimilis,,Flies,Hexapoda,Drosophila,FlyBase,7234,http://ftp.flybase.net/releases/FB2015_04/dper_r1.3/gtf/dper-all-r1.3.gtf.gz,dper-all-r1.3,17502,17498,59148,59145,1,1,1,1,1,1,1,2,2,1,4,4,2,47,47,1.000228598,3.379499486,3.380100583,0.000228506,2.519271628,2.519561542,0.015118147,2.917854892,2.918282275
Drosophila sechellia,,Flies,Hexapoda,Drosophila,FlyBase,7238,http://ftp.flybase.net/releases/FB2015_04/dsec_r1.3/gtf/dsec-all-r1.3.gtf.gz,dsec-all-r1.3,17199,17195,58767,58765,1,1,1,1,1,1,1,2,2,1,4,4,2,67,67,1.000232626,3.416884703,3.417563245,0.000232531,2.747023379,2.746963054,0.015250743,3.06370073,3.063971274
Drosophila simulans,,Flies,Hexapoda,Drosophila,FlyBase,7240,http://ftp.flybase.net/releases/FB2015_04/dsim_r2.01/gtf/dsim-all-r2.01.gtf.gz,dsim-all-r2.01,25981,15266,157948,76363,1,1,1,1,2,2,1,4,3,2,8,6,45,82,82,1.701886545,6.07936569,5.014607625,2.803243003,5.147945173,5.063931343,2.184216461,5.594304359,5.039209137
Drosophila virilis,,Flies,Hexapoda,Drosophila,FlyBase,7244,http://ftp.flybase.net/releases/FB2015_04/dvir_r1.03/gtf/dvir-all-r1.03.gtf.gz,dvir-all-r1.03,22365,14955,124938,71750,1,1,1,1,2,2,1,4,3,1,7,6,51,71,71,1.495486459,5.586317907,4.799465062,1.61345219,4.861161291,4.485052408,1.553349897,5.211141177,4.639596139
Drosophila willistoni,,Flies,Hexapoda,Drosophila,FlyBase,7260,http://ftp.flybase.net/releases/FB2015_04/dwil_r1.04/gtf/dwil-all-r1.04.gtf.gz,dwil-all-r1.04,16208,14785,69892,59653,1,1,1,1,2,2,1,3,3,1,5,5,70,70,100,1.096246195,4.31219151,4.035170781,0.536810843,3.507546446,3.342259433,0.767122444,3.889114553,3.672408965
Drosophila yakuba,,Flies,Hexapoda,Drosophila,FlyBase,7245,http://ftp.flybase.net/releases/FB2015_04/dyak_r1.04/gtf/dyak-all-r1.04.gtf.gz,dyak-all-r1.04,25139,16185,144210,75320,1,1,1,1,2,2,1,4,3,1,7,6,54,65,68,1.553228298,5.736505032,4.661167748,2.126961991,5.080048202,4.816111831,1.817596642,5.398307334,4.738006452
[Candida] glabrata,,Fungi,Ascomycota,Saccharomycetes,refseq,,,GCF_000002545.3_ASM254v2_genomic,5459,5458,5639,5639,1,1,1,1,1,1,1,1,1,1,1,1,2,4,4,1.000183217,1.032973072,1.033162331,0.000183184,0.033711593,0.034231776,0.013535778,0.186609666,0.188061111
[Candida] intermedia,,Fungi,Ascomycota,Saccharomycetes,genbanck,,,GCA_900106115.1_CBS_141442_assembly_genomic,5936,5936,6340,6340,1,1,1,1,1,1,1,1,1,1,1,1,1,4,4,1,1.068059299,1.068059299,0,0.066021224,0.066021224,0,0.265545819,0.265545819
Anaeromyces robustus,,Fungi,Chytridiomycota,Chytridiomycetes,genbank,,,GCA_002104895.1_Anaeromyces_sp._S4_v1.0_genomic,13093,13083,60136,60120,1,1,1,1,1,1,1,3,3,1,6,6,3,97,97,1.000764351,4.59298862,4.595276313,0.000916007,4.964161845,4.971005177,0.030277164,4.774970038,4.779450004
Ascoidea rubescens DSM 1968,,Fungi,Ascomycota,Saccharomycetes,refseq,,,GCF_001661345.1_Ascru1_genomic,6964,6962,9564,9564,1,1,1,1,1,1,1,1,1,1,2,2,3,11,11,1.000287274,1.37334865,1.373743177,0.000574383,0.442900645,0.443970112,0.023969721,0.77990833,0.780961531
Ascosphaera apis ARSEF 7405,,Fungi,Ascomycota,Eurotiomycetes,genbank,,,GCA_001636715.1_AAP_1.0_genomic,6442,6442,17974,17974,1,1,1,1,2,2,1,2,2,1,4,4,1,17,17,1,2.79012729,2.79012729,0,1.019644878,1.019644878,0,1.686694697,1.686694697
Aspergillus novofumigatus IBT 16806,,Fungi,Ascomycota,Eurotiomycetes,refseq,,,GCF_002847465.1_Aspnov1_genomic,11622,11620,38618,38613,1,1,1,1,2,2,1,3,3,1,4,4,2,26,26,1.000172117,3.322836001,3.323063683,0.000172073,1.489504084,1.489930338,0.013118774,2.224719711,2.225114243
Babjeviella inositovora NRRL Y-12698,,Fungi,Ascomycota,Saccharomycetes,refseq,,,GCF_001661335.1_Babin1_genomic,6796,6795,8458,8457,1,1,1,1,1,1,1,1,1,1,1,1,2,7,7,1.000147167,1.244555621,1.244738779,0.000147145,0.269317065,0.269606881,0.012131242,0.578947379,0.579301424
Batrachochytrium dendrobatidis JAM81,,Fungi,Chytridiomycota,Chytridiomycetes,refseq,,,GCF_000203795.1_v1.0_genomic,8677,8677,37309,37309,1,1,1,1,2,2,1,3,3,1,6,6,1,48,48,1,4.299757981,4.299757981,0,3.352428211,3.352428211,0,3.796660369,3.796660369
Batrachochytrium salamandrivorans,,Fungi,Chytridiomycota,Chytridiomycetes,genbank,,,GCA_002006685.1_Batr_sala_BS_V1_genomic,12522,10186,58296,46407,1,1,1,1,2,1,1,3,3,1,6,6,9,44,44,1.229334381,4.655486344,4.55595916,0.334026954,3.59857488,3.860111401,0.640804821,4.093057074,4.193627296
Bipolaris maydis ATCC 48331,,Fungi,Ascomycota,Dothideomycetes,refseq,,,GCF_000354255.1_CocheC4_1_genomic,12809,12809,34034,34030,1,1,1,1,1,1,1,2,2,1,3,3,1,17,17,1,2.65703802,2.65703802,0,1.03370496,1.03370496,0,1.657284943,1.657284943
Candida dubliniensis CD36,,Fungi,Ascomycota,Saccharomycetes,refseq,,,GCF_000026945.1_ASM2694v1_genomic,5972,5972,6352,6352,1,1,1,1,1,1,1,1,1,1,1,1,1,5,5,1,1.063630275,1.063630275,0,0.072402,0.072402,0,0.277504881,0.277504881
Chaetomium thermophilum var. thermophilum DSM 1495,,Fungi,Ascomycota,Sordariomycetes,refseq,,,GCF_000221225.1_CTHT_3.0_genomic,7474,7474,21809,21809,1,1,1,1,2,2,1,2,2,1,4,4,1,22,22,1,2.917982339,2.917982339,0,1.171908055,1.171908055,0,1.849217945,1.849217945
Cladophialophora carrionii CBS 160.54,,Fungi,Ascomycota,Eurotiomycetes,genbank,,,GCA_000365165.2_Clad_carr_CBS_160_54_V1_genomic,10428,10428,23158,23158,1,1,1,1,1,1,1,2,2,1,3,3,1,21,21,1,2.220751822,2.220751822,0,1.015549037,1.015549037,0,1.501759759,1.501759759
Coccidioides immitis RS,,Fungi,Ascomycota,Eurotiomycetes,refseq,,,GCF_000149335.2_ASM14933v2_genomic,10058,9905,32452,31974,1,1,1,1,2,2,1,3,3,1,4,4,3,25,25,1.015446744,3.226486379,3.228066633,0.01935338,1.233207289,1.262146487,0.140186758,1.994724673,2.01848779
Colletotrichum graminicola M1.001,,Fungi,Ascomycota,Agaricomycetes,refseq,,,GCF_000149035.1_C_graminicola_M1_001_V1_genomic,12400,12400,33361,33361,1,1,1,1,1,1,1,2,2,1,3,3,1,24,24,1,2.690403226,2.690403226,0,1.214943397,1.214943397,0,1.807951226,1.807951226
Coniophora puteana RWD-64-598 SS2,,Fungi,Basidiomycota,Agaricomycetes,refseq,,,GCF_000271625.1_Conpu1_genomic,13896,13896,84226,84226,1,1,1,1,3,3,1,5,5,1,8,8,1,57,57,1,6.061168682,6.061168682,0,3.582097195,3.582097195,0,4.659581025,4.659581025
Coniosporium apollinis CBS 100218,,Fungi,Ascomycota,Dothideomycetes,refseq,,,GCF_000281105.1_Coni_apol_CBS100218_V1_genomic,9367,9367,26359,26359,1,1,1,1,2,2,1,2,2,1,4,4,1,19,19,1,2.814027971,2.814027971,0,1.123001513,1.123001513,0,1.777683231,1.777683231
Coprinopsis cinerea okayama7#130,,Fungi,Basidiomycota,Agaricomycetes,refseq,,,GCF_000182895.1_CC3_genomic,13658,13657,75869,75864,1,1,1,1,3,3,1,4,4,1,7,7,2,57,57,1.000073223,5.554912872,5.555319616,7.32E-05,3.253679227,3.253483375,0.008557016,4.251341508,4.251369193
Cordyceps fumosorosea ARSEF 2679,,Fungi,Ascomycota,Sordariomycetes,refseq,,,GCF_001636725.1_ISF_1.0_genomic,10061,10061,25862,25862,1,1,1,1,1,1,1,2,2,1,3,3,1,20,20,1,2.570519829,2.570519829,0,1.074161988,1.074161988,0,1.661672257,1.661672257
Cryptococcus neoformans var. neoformans JEC21,,Fungi,Basidiomycota,Tremellomycetes,refseq,,,GCF_000091045.1_ASM9104v1_genomic,7004,6773,46367,44905,1,1,1,1,4,4,1,6,6,1,8,8,4,42,42,1.034106009,6.620074243,6.630001476,0.038144054,2.503689956,2.538416956,0.198607643,4.071193116,4.102402731
Cutaneotrichosporon oleaginosum,,Fungi,Basidiomycota,Tremellomycetes,refseq,,,GCF_001027345.1_Triol1_genomic,8602,8602,31260,31258,1,1,1,1,2,2,1,3,3,1,5,5,1,32,32,1,3.634038596,3.634038596,0,1.894524577,1.894524577,0,2.62388556,2.62388556
Cyberlindnera jadinii NRRL Y-1542,,Fungi,Ascomycota,Saccharomycetes,refseq,,,GCF_001661405.1_Cybja1_genomic,6184,6184,8262,8262,1,1,1,1,1,1,1,1,1,1,1,1,1,24,24,1,1.336028461,1.336028461,0,0.472568897,0.472568897,0,0.794585109,0.794585109
Dichomitus squalens LYAD-421 SS1,,Fungi,Basidiomycota,Agaricomycetes,refseq,,,GCF_000275845.1_Dichomitus_squalens_v1.0_genomic,12497,12497,71979,71979,1,1,1,1,2,2,1,4,4,1,8,8,1,54,54,1,5.759702329,5.759702329,0,3.732600964,3.732600964,0,4.636665878,4.636665878
Diplodia corticola,,Fungi,Ascomycota,Dothideomycetes,refseq,,,GCF_001883845.1_ASM188384v1_genomic,10839,10839,32355,32355,1,1,1,1,2,2,1,3,3,1,4,4,1,25,25,1,2.985053972,2.985053972,0,1.139946888,1.139946888,0,1.844668801,1.844668801
Emergomyces pasteurianus Ep9510,,Fungi,Ascomycota,Eurotiomycetes,genbank,,,GCA_001883825.1_Emmo_past_UAMH9510_V1_genomic,9078,9078,26984,26984,1,1,1,1,2,2,1,2,2,1,4,4,1,26,26,1,2.972460894,2.972460894,0,1.34661718,1.34661718,0,2.000691607,2.000691607
Erysiphe pulchra,,Fungi,Ascomycota,Leotiomycetes,genbank,,,GCA_002918395.1_ASM291839v1_genomic,6859,6859,19635,19635,1,1,1,1,2,2,1,2,2,1,4,4,1,16,16,1,2.862662196,2.862662196,0,1.005729914,1.005729914,0,1.696780776,1.696780776
Exophiala aquamarina CBS 119918,,Fungi,Ascomycota,Eurotiomycetes,refseq,,,GCF_000709125.1_Exop_aqua_CBS_119918_V1_genomic,13118,13118,29263,29263,1,1,1,1,1,1,1,2,2,1,3,3,1,18,18,1,2.230751639,2.230751639,0,1.04284732,1.04284732,0,1.525232234,1.525232234
Fibroporia radiculosa,,Fungi,Basidiomycota,Agaricomycetes,refseq,,,GCF_000313525.1_ASM31352v1_genomic,9262,9262,60105,60105,1,1,1,1,3,3,1,5,5,1,9,9,1,64,64,1,6.489419132,6.489419132,0,4.243507212,4.243507212,0,5.247656323,5.247656323
Fomitiporia mediterranea MF3/22,,Fungi,Basidiomycota,Agaricomycetes,refseq,,,GCF_000271605.1_Fomme1_genomic,11411,11411,68764,68754,1,1,1,1,3,3,1,5,5,1,8,8,1,67,67,1,6.026115152,6.026115152,0,3.765384625,3.765384625,0,4.763469465,4.763469465
Fonsecaea pedrosoi CBS 271.37,,Fungi,Ascomycota,Eurotiomycetes,refseq,,,GCF_000835455.1_Fons_pedr_CBS_271_37_V1_genomic,12573,12573,30811,30811,1,1,1,1,1,1,1,2,2,1,3,3,1,18,18,1,2.450568679,2.450568679,0,1.25921308,1.25921308,0,1.756641151,1.756641151
Fusarium verticillioides 7600,,Fungi,Ascomycota,Sordariomycetes,refseq,,,GCF_000149555.1_ASM14955v1_genomic,20974,16290,62902,51477,1,1,1,1,2,1,1,3,2,1,4,4,36,23,34,1.287538367,2.999046438,3.160036832,0.983524202,1.218461021,2.042042794,1.125311133,1.911601733,2.540261885
Glarea lozoyensis ATCC 20868,,Fungi,Ascomycota,Leotiomycetes,refseq,,,GCF_000409485.1_GLAREA_genomic,13083,13083,38836,38836,1,1,1,1,2,2,1,3,3,1,4,4,1,34,34,1,2.968432317,2.968432317,0,1.428679665,1.428679665,0,2.059353998,2.059353998
Gloeophyllum trabeum ATCC 11539,,Fungi,Basidiomycota,Agaricomycetes,refseq,,,GCF_000344685.1_Glotr1_1_genomic,11885,11885,71317,71298,1,1,1,1,3,3,1,5,5,1,8,8,1,53,53,1,6.000588978,6.000588978,0,3.849490235,3.849490235,0,4.806163613,4.806163613
Gonapodya prolifera JEL478,,Fungi,Chytridiomycota,Chytridiomycetes,genbank,,,GCA_001574975.1_Ganpr1_genomic,13916,13912,77130,77110,1,1,1,1,3,3,1,5,5,1,7,7,2,78,78,1.000287522,5.54254096,5.543415756,0.000287377,3.368371387,3.370675077,0.016954632,4.320802747,4.322621118
Hanseniaspora osmophila,,Fungi,Ascomycota,Saccharomycetes,genbank,,,GCA_001747045.1_ASM174704v1_genomic,4657,4657,4822,4822,1,1,1,1,1,1,1,1,1,1,1,1,1,4,4,1,1.035430535,1.035430535,0,0.037991145,0.037991145,0,0.198336056,0.198336056
Heterobasidion irregulare TC 32-1,,Fungi,Basidiomycota,Agaricomycetes,refseq,,,GCF_000320585.1_Heterobasidion_irregulare_v2.0_genomic,13276,13272,71853,71606,1,1,1,1,2,2,1,4,4,1,7,7,2,48,48,1.000301386,5.412247665,5.409885473,0.000301227,4.058518562,4.057189024,0.017358521,4.686758753,4.684968299
Kalmanozyma brasiliensis GHG001,,Fungi,Basidiomycota,Ustilaginomycetes,refseq,,,GCF_000497045.1_PSEUBRA1_genomic,5889,5889,9065,9065,1,1,1,1,1,1,1,1,1,1,2,2,1,12,12,1,1.539310579,1.539310579,0,0.486254616,0.486254616,0,0.865157139,0.865157139
Kockovaella imperatae,,Fungi,Basidiomycota,Tremellomycetes,refseq,,,GCF_002102565.1_Kocim1_genomic,7428,7428,46430,46422,1,1,1,1,3,3,1,5,5,1,8,8,1,38,38,1,6.250673129,6.250673129,0,3.013786018,3.013786018,0,4.340298524,4.340298524
Kuraishia capsulata CBS 1993,,Fungi,Ascomycota,Saccharomycetes,refseq,,,GCF_000576695.1_AUH_PRJEB4427_v1_genomic,5988,5988,7032,7032,1,1,1,1,1,1,1,1,1,1,1,1,1,5,5,1,1.174348697,1.174348697,0,0.160717961,0.160717961,0,0.434440937,0.434440937
Kwoniella pini CBS 10737,,Fungi,Basidiomycota,Tremellomycetes,refseq,,,GCF_000512605.1_Cryp_pinu_CBS10737_V1_genomic,7931,7931,48707,48707,1,1,1,1,3,3,1,5,5,1,8,8,1,36,36,1,6.141344093,6.141344093,0,2.980574825,2.980574825,0,4.278403393,4.278403393
Lachancea lanzarotensis,,Fungi,Ascomycota,Saccharomycetes,refseq,,,GCF_000938715.1_LALA0_genomic,5319,5319,5772,5772,1,1,1,1,1,1,1,1,1,1,1,1,1,9,9,1,1.085166385,1.085166385,0,0.115132461,0.115132461,0,0.353465524,0.353465524
Leptosphaeria maculans JN3,,Fungi,Ascomycota,Dothideomycetes,refseq,,,GCF_000230375.1_ASM23037v1_genomic,12469,12469,35201,35201,1,1,1,1,2,2,1,2,2,1,4,4,1,20,20,1,2.823081241,2.823081241,0,1.220623367,1.220623367,0,1.85631865,1.85631865
Lobosporangium transversale,,Fungi,Mucoromycota,Mortierellomycetes,refseq,,,GCF_002105155.1_Lobtra1_genomic,11987,11983,45444,45434,1,1,1,1,2,2,1,3,3,1,5,5,2,51,51,1.000333806,3.791107033,3.792205625,0.000333611,2.083505651,2.085614654,0.018268077,2.810479127,2.812308593
Malassezia pachydermatis,,Fungi,Basidiomycota,Malasseziomycetes,refseq,,,GCF_001278385.1_MalaPachy_genomic,4202,4202,9342,9342,1,1,1,1,1,1,1,2,2,1,3,3,1,12,12,1,2.223227035,2.223227035,0,0.97267989,0.97267989,0,1.470540114,1.470540114
Melampsora larici-populina 98AG31,,Fungi,Basidiomycota,Pucciniomycetes,refseq,,,GCF_000204055.1_v1.0_genomic,16265,16265,80169,80166,1,1,1,1,2,2,1,4,4,1,6,6,1,40,40,1,4.928927144,4.928927144,0,2.597720363,2.597720363,0,3.578264161,3.578264161
Metschnikowia bicuspidata var. bicuspidata NRRL YB-4993,,Fungi,Ascomycota,Saccharomycetes,refseq,,,GCF_001664035.1_Metbi1_genomic,6091,6090,7614,7614,1,1,1,1,1,1,1,1,1,1,1,1,2,9,9,1.000164204,1.250041044,1.250246305,0.000164177,0.262741782,0.265163666,0.012814196,0.573095116,0.575777642
Neocallimastix californiae,,Fungi,Chytridiomycota,Chytridiomycetes,genbank,,,GCA_002104975.1_Neocallimastix_sp._G1_v1.0_genomic,21053,21039,86802,86786,1,1,1,1,1,1,1,3,3,1,5,5,2,82,82,1.000665431,4.123022847,4.125053472,0.000664577,4.510310441,4.516858707,0.025787975,4.312321068,4.316512909
Neolecta irregularis DAH-3,,Fungi,Ascomycota,Neocallimastigomycetes,genbank,,,GCA_001929475.1_NeoIirr1.0_genomic,5584,5536,27002,26781,1,1,1,1,2,2,1,4,4,1,6,6,5,36,36,1.00867052,4.835601719,4.837608382,0.013538229,2.586904363,2.608850698,0.116857231,3.536840283,3.5525481
Paracoccidioides lutzii Pb01,,Fungi,Ascomycota,Eurotiomycetes,refseq,,,GCF_000150705.2_Paracocci_br_Pb01_V2_genomic,8953,8953,27004,27004,1,1,1,1,2,2,1,2,2,1,4,4,1,26,26,1,3.016195689,3.016195689,0,1.339975309,1.339975309,0,2.010380002,2.010380002
Penicilliopsis zonata CBS 506.65,,Fungi,Ascomycota,Eurotiomycetes,refseq,,,GCF_001890105.1_Aspzo1_genomic,10028,10027,31971,31963,1,1,1,1,2,2,1,3,3,1,4,4,2,26,26,1.000099731,3.188173115,3.188491074,9.97E-05,1.30931443,1.30937183,0.009986527,2.043115529,2.043262194
Pestalotiopsis fici W106-1,,Fungi,Ascomycota,Sordariomycetes,refseq,,,GCF_000516985.1_PFICI_genomic,15413,15413,42520,42520,1,1,1,1,1,1,1,2,2,1,4,4,1,19,19,1,2.75871018,2.75871018,0,1.290056492,1.290056492,0,1.886502578,1.886502578
Phanerochaete carnosa HHB-10118-sp,,Fungi,Basidiomycota,Agaricomycetes,refseq,,,GCF_000300595.1_Phanerochaete_carnosa_HHB-10118-Sp_v1.0_genomic,14080,14080,74833,74833,1,1,1,1,2,2,1,4,4,1,7,7,1,44,44,1,5.31484375,5.31484375,0,3.966891359,3.966891359,0,4.591667208,4.591667208
Phycomyces blakesleeanus NRRL 1555(-),,Fungi,Mucoromycota,Mucoormycetes,refseq,,,GCF_001638985.1_Phybl2_genomic,16851,16850,75325,75308,1,1,1,1,2,2,1,4,4,1,6,6,2,62,62,1.000059347,4.470061124,4.469317507,5.93E-05,2.721059531,2.719641899,0.007703712,3.48759264,3.486394004
Pichia membranifaciens NRRL Y-2026,,Fungi,Ascomycota,Saccharomycetes,refseq,,,GCF_001661235.1_Picme2_genomic,5701,5701,6927,6926,1,1,1,1,1,1,1,1,1,1,1,1,1,8,8,1,1.215049991,1.215049991,0,0.287093626,0.287093626,0,0.59062095,0.59062095
Piromyces finnis,,Fungi,Chytridiomycota,Chytridiomycetes,genbank,,,GCA_002104945.1_Piromyces_sp._finnis_v3.0_genomic,11333,11314,54796,54760,1,1,1,1,2,2,1,3,3,1,6,7,2,68,68,1.001679335,4.835083385,4.842761181,0.001673852,4.754758751,4.761700497,0.04094708,4.794752865,4.8020598
Pneumocystis jirovecii RU7,,Fungi,Ascomycota,Pneumocystidomycetes,refseq,,,GCF_001477535.1_Pneu_jiro_RU7_V2_genomic,3811,3811,21770,21770,1,1,1,1,3,3,1,5,5,1,7,7,1,32,32,1,5.712411441,5.712411441,0,2.759971016,2.759971016,0,3.9706536,3.9706536
Postia placenta MAD-698-R-SB12,,Fungi,Basidiomycota,Agaricomycetes,refseq,,,GCF_002117355.1_PosplRSB12_1_genomic,12718,12716,78324,78316,1,1,1,1,3,3,1,5,5,1,8,8,2,59,59,1.000157282,6.15851549,6.159090909,0.000157245,3.816530526,3.818366894,0.012540725,4.848109153,4.849501915
Psilocybe cyanescens,,Fungi,Basidiomycota,Agaricomycetes,genbank,,,GCA_002938375.1_Psicy2_genomic,15936,15936,87409,87409,1,1,1,1,2,2,1,4,4,1,7,7,1,63,63,1,5.48500251,5.48500251,0,4.442160199,4.442160199,0,4.936117892,4.936117892
Punctularia strigosozonata HHB-11173 SS5,,Fungi,Basidiomycota,Agaricomycetes,refseq,,,GCF_000264995.1_Punctularia_strigosozonata_v1.0_genomic,11647,11647,71966,71965,1,1,1,1,3,3,1,5,5,1,8,8,1,64,64,1,6.178930197,6.178930197,0,4.055000487,4.055000487,0,5.005553411,5.005553411
Rhinocladiella mackenziei CBS 650.93,,Fungi,Ascomycota,Eurotiomycetes,refseq,,,GCF_000835555.1_Rhin_mack_CBS_650_93_V1_genomic,11418,11418,27532,27532,1,1,1,1,1,1,1,2,2,1,3,3,1,15,15,1,2.411280434,2.411280434,0,1.166113574,1.166113574,0,1.676850275,1.676850275
Rhizoclosmatium globosum,,Fungi,Chytridiomycota,Chytridiomycetes,genbank,,,GCA_002104985.1_Rhihy1_genomic,17656,17656,68556,68539,1,1,1,1,2,2,1,3,3,1,5,5,1,51,51,1,3.882872678,3.882872678,0,3.000487648,3.000487648,0,3.413284563,3.413284563
Rhodotorula graminis WP1,,Fungi,Basidiomycota,Microbotryomycetes,refseq,,,GCF_001329695.1_Rhoba1_1_genomic,7379,7376,45497,45459,1,1,1,1,3,3,1,5,5,1,8,8,2,45,45,1.000406725,6.165740615,6.167299349,0.000406449,2.491497487,2.494063184,0.020164677,3.919429454,3.921942663
Saccharomyces cerevisiae YJM1573,,Fungi,Ascomycota,Saccharomycetes,genbank,,,GCA_000978255.2_Sc_YJM1573_v1_genomic,6523,6518,6840,6840,1,1,1,1,1,1,1,1,1,1,1,1,2,3,3,1.000767106,1.048597271,1.049401657,0.000766048,0.04673153,0.047389239,0.027688186,0.221365208,0.223003018
Schizophyllum commune H4-8,,Fungi,Basidiomycota,Agaricomycetes,refseq,,,GCF_000143185.1_v1.0_genomic,13193,13189,75648,75639,1,1,1,1,3,3,1,5,5,1,7,7,2,67,67,1.000303283,5.733949822,5.735006445,0.000303122,3.449264247,3.449181356,0.017413042,4.447236009,4.447592304
Schizosaccharomyces octosporus yFS286,,Fungi,Ascomycota,Schizosaccharomycetes,refseq,,,GCF_000150505.1_SO6_genomic,5347,5347,10880,10880,1,1,1,1,1,1,1,1,1,1,3,3,1,19,19,1,2.034785861,2.034785861,0,1.159732503,1.159732503,0,1.53616643,1.53616643
Sordaria macrospora k-hell,,Fungi,Ascomycota,Sordariomycetes,refseq,,,GCF_000182805.2_ASM18280v2_genomic,10552,10552,26372,26372,1,1,1,1,1,1,1,2,2,1,3,3,1,21,21,1,2.49924185,2.49924185,0,0.859325861,0.859325861,0,1.465490755,1.465490755
Spizellomyces punctatus DAOM BR117,,Fungi,Chytridiomycota,Chytridiomycetes,refseq,,,GCF_000182565.1_S_punctatus_V1_genomic,9641,9169,56943,54139,1,1,1,1,2,2,1,4,4,1,8,8,4,58,58,1.051477806,5.906337517,5.904569746,0.054326273,4.394049761,4.424419048,0.239003913,5.094383275,5.111192703
Stereum hirsutum FP-91666 SS1,,Fungi,Basidiomycota,Agaricomycetes,refseq,,,GCF_000264905.1_Stehi1_genomic,14453,14453,92029,92025,1,1,1,1,3,3,1,5,5,1,8,8,1,84,84,1,6.367466962,6.367466962,0,4.166902993,4.166902993,0,5.150982153,5.150982153
Talaromyces marneffei ATCC 18224,,Fungi,Ascomycota,Eurotiomycetes,refseq,,,GCF_000001985.1_JCVI-PMFA1-2.0_genomic,10749,10134,34417,32770,1,1,1,1,2,2,1,3,3,1,4,4,5,26,26,1.060686797,3.201879245,3.233668838,0.079985344,1.27105767,1.363292055,0.291272034,2.017367882,2.099627356
Tremella mesenterica DSM 1558,,Fungi,Basidiomycota,Tremellomycetes,refseq,,,GCF_000271645.1_Treme1_genomic,8292,8292,47738,47738,1,1,1,1,3,3,1,5,5,1,8,8,1,39,39,1,5.757115292,5.757115292,0,2.882974314,2.882974314,0,4.074017122,4.074017122
Trichoderma atroviride IMI 206040,,Fungi,Ascomycota,Sordariomycetes,refseq,,,GCF_000171015.1_TRIAT_v2.0_genomic,11817,11810,33806,33744,1,1,1,1,2,2,1,2,2,1,4,4,2,23,23,1.000592718,2.860793772,2.861642676,0.000592066,1.233554242,1.235692397,0.024339616,1.878548453,1.880454758
Uncinocarpus reesii 1704,,Fungi,Ascomycota,Eurotiomycetes,genbank,,,GCA_000003515.2_ASM351v2_genomic,7856,7856,24143,24143,1,1,1,1,2,2,1,3,3,1,4,4,1,26,26,1,3.073192464,3.073192464,0,1.159196321,1.159196321,0,1.887440965,1.887440965
Ustilago maydis 521,,Fungi,Basidiomycota,Ustilaginomycetes,refseq,,,GCF_000328475.2_Umaydis521_2.0_genomic,6927,6909,9990,9978,1,1,1,1,1,1,1,1,1,1,2,2,2,18,18,1.002605297,1.442182763,1.444203213,0.002592133,0.57491725,0.580134112,0.050979271,0.910568915,0.915331387
Verruconis gallopava,,Fungi,Ascomycota,Dothideomycetes,refseq,,,GCF_000836295.1_O_gall_CBS43764_genomic,11410,9871,32126,28652,1,1,1,1,2,2,1,2,2,1,4,4,9,22,22,1.155911255,2.815600351,2.902644109,0.206774022,0.972444785,1.185707199,0.488888964,1.654695101,1.855178163
Wallemia ichthyophaga EXF-994,,Fungi,Basidiomycota,Wallemiomycetes,refseq,,,GCF_000400465.1_Wallemia_ichthyophaga_version_1.0_genomic,5000,5000,16763,16763,1,1,1,1,2,2,1,3,3,1,4,4,1,25,25,1,3.3526,3.3526,0,1.725058142,1.725058142,0,2.404876281,2.404876281
Xylona heveae TC161,,Fungi,Ascomycota,Sordariomycetes,refseq,,,GCF_001619985.1_Xylona_heveae_TC161_v1.0_genomic,8346,8346,28134,28133,1,1,1,1,2,2,1,3,3,1,4,4,1,26,26,1,3.370956147,3.370956147,0,1.528636978,1.528636978,0,2.270015026,2.270015026
Yamadazyma tenuis ATCC 10573,,Fungi,Ascomycota,Saccharomycetes,refseq,,,GCF_000223465.1_Candida_tenuis_v1.0_genomic,6985,5547,8369,8280,1,1,1,1,1,1,1,1,1,2,1,2,4,6,8,1.259239228,1.198138869,1.495042365,0.160832715,0.1990697,0.385769976,0.450029848,0.488378076,0.759435617
Homo sapiens,Human,Deuterostomia,Chordata,mammal,refseq,,,GCF_000001405.39_GRCh38.p13_genomic,177497,44682,1998918,424878,1,1,1,1,4,3,2,8,5,4,15,12,177,363,367,3.972449756,11.2617002,9.575511392,10.61640061,10.80495771,13.13423417,6.494083308,11.03096525,11.21458911
Mus musculus,Mouse,Deuterostomia,Chordata,mammal,refseq,,,GCF_000001635.27_GRCm39_genomic,133543,40840,1520722,361144,1,1,1,1,4,2,1,8,5,3,15,11,88,349,359,3.269906954,11.38750814,8.857664055,7.752253318,12.22163355,13.30921746,5.034793643,11.79720101,10.85765063
Loxodonta africana,African savanna elephant,Deuterostomia,Chordata,mammal,refseq,,,GCF_000001905.1_Loxafr3.0_genomic,47518,25224,496310,232806,1,1,1,1,4,2,1,8,6,2,14,13,50,318,318,1.883840787,10.4446736,9.229979385,2.511561616,9.42951892,11.58978023,2.175174064,9.92412451,10.34279617
Danio rerio,zebra fish,Deuterostomia,Chordata,actinopterygii,refseq,,,GCF_000002035.6_GRCz11_genomic,75520,47046,794067,387264,1,1,1,1,3,2,1,7,5,2,14,11,50,317,318,1.605237427,10.51465837,8.238341198,1.93402508,14.8306172,12.14366164,1.761978843,12.48754873,10.00218116
Strongylocentrotus purpuratus,purple sea urchin,Deuterostomia,Echinodermata,echinoderm,refseq,,,GCF_000002235.5_Spur_5.0_genomic,45216,32946,441491,261048,1,1,1,1,3,3,1,6,5,1,12,10,50,246,246,1.372427609,9.764043701,7.924361076,1.133135801,14.19210846,10.59153442,1.247055275,11.77167648,9.161394165
Canis lupus familiaris,dog,Deuterostomia,Chordata,mammal,refseq,,,GCF_000002285.3_CanFam3.1_genomic,83609,31838,913515,301961,1,1,1,1,4,3,1,8,6,3,14,13,50,316,316,2.626075759,10.92603667,9.486462718,4.088317862,10.29364934,11.10956877,3.276619055,10.60513037,10.26598802
Monodelphis domestica,gray short-tailed opossum,Deuterostomia,Chordata,mammal,refseq,,,GCF_000002295.2_MonDom5_genomic,69896,33748,667102,281736,1,1,1,1,3,3,1,6,5,2,13,11,50,167,171,2.071115325,9.544208538,8.34858362,2.276239521,10.81404734,10.46577309,2.171256447,10.15930721,9.34742648
Sus scrofa,pig,Deuterostomia,Chordata,mammal,refseq,,,GCF_000003025.6_Sscrofa11.1_genomic,78738,27340,966733,289236,1,1,1,1,5,3,1,9,7,3,16,15,51,321,321,2.879956108,12.27784551,10.59323336,5.93082243,10.32727482,12.1009241,4.132857157,11.2604034,11.3220101
Oryctolagus cuniculus,rabbit,Deuterostomia,Chordata,mammal,refseq,,,GCF_000003625.3_OryCun2.0_genomic,44396,24149,476553,227419,1,1,1,1,4,3,1,8,6,2,14,13,39,327,327,1.83841981,10.73414272,9.418733695,2.12058322,10.09409538,10.93838635,1.974467574,10.40920076,10.15016
Branchiostoma floridae,Florida lancelet,Deuterostomia,Chordata,cephalochordate,refseq,,,GCF_000003815.1_Version_2_genomic,28627,28625,203274,203270,1,1,1,1,2,2,1,5,5,1,9,9,2,308,308,1.000069869,7.100778985,7.101275109,6.99E-05,9.918320496,9.918139235,0.008358622,8.392127367,8.392343849
Xenopus tropicalis,tropical clawed frog,Deuterostomia,Chordata,amphibia,refseq,,,GCF_000004195.4_UCB_Xtro_10.0_genomic,53207,28302,647166,264651,1,1,1,1,4,2,1,8,6,2,16,13,50,352,352,1.879973147,12.16317402,9.351529927,2.57988834,15.74944742,12.24945377,2.202298981,13.84063834,10.70285632
Anolis carolinensis,"green anole, Carolina anole",Deuterostomia,Chordata,reptilia,refseq,,,GCF_000090745.1_AnoCar2.0_genomic,38780,21856,429984,214086,1,1,1,1,4,3,1,8,7,2,15,13,40,249,249,1.774341142,11.0877772,9.797584187,1.875718893,9.94828531,10.00843656,1.824325959,10.50258878,9.90244918
Cavia porcellus,domestic guinea pig,Deuterostomia,Chordata,mammal,refseq,,,GCF_000151735.1_Cavpor3.0_genomic,45410,26252,467003,236309,1,1,1,1,3,2,1,7,6,2,14,12,31,328,328,1.72977297,10.28414446,9.001866524,1.680244789,9.98082952,11.1111047,1.704829029,10.13135196,10.00103402
Microcebus murinus,gray mouse lemur,Deuterostomia,Chordata,mammal,refseq,,,GCF_000165445.2_Mmur_3.0_genomic,74854,28984,854309,282671,1,1,1,1,4,3,1,8,6,3,15,13,50,314,321,2.582597295,11.41300398,9.754209219,3.763619606,14.64356586,11.19067949,3.117677632,12.92776375,10.44778584
Felis catus,cat,Deuterostomia,Chordata,mammal,refseq,,,GCF_000181335.3_Felis_catus_9.0_genomic,72795,31494,800937,282199,1,1,1,1,4,2,1,8,5,3,15,12,50,327,327,2.311392646,11.00263754,8.96091319,3.097085389,10.68854991,11.71912159,2.675552353,10.84445667,10.24763539
Python bivittatus,Burmese python,Deuterostomia,Chordata,reptilia,refseq,,,GCF_000186305.1_Python_molurus_bivittatus-5.0.2_genomic,35976,21973,377971,211958,1,1,1,1,4,4,1,8,7,2,14,13,34,294,301,1.637282119,10.50619858,9.64656624,1.293230372,9.674256113,8.809289374,1.455123007,10.08164946,9.218426844
Ciona intestinalis,vase tunicate,Deuterostomia,Chordata,urochordata,refseq,,,GCF_000224145.3_KH_genomic,24973,16327,270540,154137,1,1,1,1,3,3,1,8,7,2,14,12,50,230,230,1.529552275,10.83329996,9.448092117,1.17323852,14.17748435,11.47795722,1.339600555,12.39310053,10.41368317
Latimeria chalumnae,coelacanth,Deuterostomia,Chordata,sarcopterygii,refseq,,,GCF_000225785.1_LatCha1_genomic,41183,26560,395022,231189,1,1,1,1,3,3,1,7,6,1,12,12,37,249,251,1.550564759,9.591870432,8.705158133,1.300733516,9.990405559,9.275005877,1.420166029,9.789110056,8.985565805
Pelodiscus sinensis,Chinese soft-shelled turtle,Deuterostomia,Chordata,reptilia,refseq,,,GCF_000230535.1_PelSin_1.0_genomic,46128,24482,490556,229528,1,1,1,1,4,3,1,8,6,2,14,13,50,364,364,1.884159791,10.63466875,9.377134221,2.445067726,10.05544397,10.61639524,2.14636863,10.34100168,9.977542938
Alligator mississippiensis,American alligator,Deuterostomia,Chordata,reptilia,refseq,,,GCF_000281125.3_ASM28112v4_genomic,51599,24844,582231,248967,1,1,1,1,4,3,1,8,7,2,15,13,40,317,317,2.076919981,11.28376519,10.02189664,2.078961293,10.2423105,10.31934384,2.077940386,10.75043379,10.1695328
Erinaceus europaeus,western European hedgehog,Deuterostomia,Chordata,mammal,refseq,,,GCF_000296755.1_EriEur2.0_genomic,30386,20177,325479,204829,1,1,1,1,4,3,1,8,7,2,14,14,28,312,312,1.505972147,10.71147897,10.15215344,0.967517522,8.996475661,10.1488475,1.2070851,9.816596144,10.15050034
Echinops telfairi,small Madagascar hedgehog/tenrec,Deuterostomia,Chordata,mammal,refseq,,,GCF_000313985.2_ASM31398v2_genomic,37461,24789,371994,210009,1,1,1,1,3,2,1,7,5,1,14,12,50,315,316,1.511194481,9.930167374,8.472306265,1.566015592,10.28081477,11.41992663,1.538360855,10.10397008,9.836316178
Orcinus orca,killer whale,Deuterostomia,Chordata,mammal,refseq,,,GCF_000331955.2_Oorc_1.1_genomic,71861,26244,874942,269379,1,1,1,1,5,3,1,9,6,3,16,14,50,313,313,2.738187776,12.17547766,10.26745161,4.185351561,9.992587956,12.2603648,3.385303307,11.03016461,11.21974609
Tupaia chinensis,Chinese tree shrew,Deuterostomia,Chordata,mammal,refseq,,,GCF_000334495.1_TupChi_1.0_genomic,47766,27859,462006,242960,1,1,1,1,3,2,1,7,5,2,13,12,50,314,314,1.714562619,9.672277352,8.721562152,1.829530184,9.510179121,11.03142463,1.771113792,9.590885784,9.808733637
Columba livia,rock pigeon,Deuterostomia,Chordata,aves,refseq,,,GCF_000337935.1_Cliv_1.0_genomic,52633,26536,514683,240328,1,1,1,1,3,3,1,6,5,2,13,12,50,317,317,1.983456437,9.778712975,9.057356045,3.234285571,9.583921343,10.78817378,2.532797768,9.680827237,9.884954782
Alligator sinensis,Chinese alligator,Deuterostomia,Chordata,reptilia,refseq,,,GCF_000455745.1_ASM45574v1_genomic,50637,23469,596427,243883,1,1,1,1,4,3,1,9,7,2,15,14,43,323,323,2.157612169,11.77848214,10.39332737,3.09419335,10.88964533,10.65020595,2.583809054,11.32534737,10.5209827
Poecilia reticulata,guppy,Deuterostomia,Chordata,actinopterygii,refseq,,,GCF_000633615.1_Guppy_female_1.0_MT_genomic,48698,26222,631085,280393,1,1,1,1,5,4,1,9,8,2,17,14,43,251,251,1.857142857,12.95915643,10.69357791,1.953724701,11.86553876,10.35985436,1.904821743,12.40029729,10.52539357
Galeopterus variegatus,Sunda flying lemur,Deuterostomia,Chordata,mammal,refseq,,,GCF_000696425.1_G_variegatus-3.0.2_genomic,36028,26095,328195,220444,1,1,1,1,3,3,1,7,6,1,12,11,25,314,314,1.380647634,9.109442656,8.449588044,0.869080353,8.24956083,9.173851878,1.09539661,8.668846596,8.804275617
Tinamus guttatus,white-throated tinamou,Deuterostomia,Chordata,aves,refseq,,,GCF_000705375.1_ASM70537v2_genomic,19261,16999,189997,161173,1,1,1,1,4,3,1,7,7,1,13,12,27,296,296,1.133066651,9.864337262,9.482028355,0.394862709,8.827621446,9.062147143,0.668883972,9.331593388,9.269710684
Nipponia nippon,crested ibis,Deuterostomia,Chordata,aves,refseq,,,GCF_000708225.1_ASM70822v1_genomic,17337,15265,193214,169306,1,1,1,1,5,4,1,9,8,1,14,14,21,304,304,1.135735342,11.14460403,11.09243367,0.304614543,9.618959688,9.98327082,0.588184922,10.35371899,10.52324899
Nanorana parkeri,tibet frog,Deuterostomia,Chordata,amphibia,refseq,,,GCF_000935625.1_ASM93562v1_genomic,26910,20983,271396,201577,1,1,1,1,4,3,1,7,7,1,13,13,25,302,302,1.282466759,10.08532144,9.607301149,0.659370685,9.310395143,10.17755811,0.919576525,9.690114951,9.888319663
Colobus angolensis palliatus,Angolan colobus monkey,Deuterostomia,Chordata,mammal,refseq,,,GCF_000951035.1_Cang.pa_1.0_genomic,43405,24314,401096,235678,1,1,1,1,4,3,1,7,7,2,12,13,28,313,313,1.78518549,9.240778712,9.697046969,1.305963718,8.498322478,10.11183804,1.526888169,8.861778458,9.902270873
Mandrillus leucophaeus,mandrill,Deuterostomia,Chordata,mammal,refseq,,,GCF_000951045.1_Mleu.le_1.0_genomic,43142,24513,396373,236273,1,1,1,1,4,3,1,7,7,2,12,13,27,271,271,1.759964101,9.187636178,9.642924163,1.309951654,8.341962566,9.897921372,1.518376727,8.754594055,9.769590839
Propithecus coquereli,Coquerel's sifaka,Deuterostomia,Chordata,mammal,refseq,,,GCF_000956105.1_Pcoq_1.0_genomic,29768,20688,299978,203104,1,1,1,1,4,3,1,8,7,1,13,13,34,313,313,1.438901779,10.07719699,9.818445476,0.872951758,8.833919896,10.06591497,1.12075503,9.435102065,9.941410228
Apteryx mantelli mantelli,North Island brown kiwi,Deuterostomia,Chordata,aves,refseq,,,GCF_001039765.1_AptMant0_genomic,26370,18636,262903,184594,1,1,1,1,4,3,1,8,7,1,13,13,30,324,324,1.41500322,9.969776261,9.906739644,0.934307438,8.524443991,9.98017996,1.149803476,9.218828523,9.943392
Thamnophis sirtalis,garter snake,Deuterostomia,Chordata,reptilia,refseq,,,GCF_001077635.1_Thamnophis_sirtalis-6.0_genomic,26875,19785,234815,157266,1,1,1,1,3,3,1,6,6,1,11,10,30,309,309,1.358352287,8.737302326,7.949608289,0.86669617,7.815632059,7.811542622,1.085024758,8.263627543,7.88027309
Gekko japonicus,Gecko,Deuterostomia,Chordata,reptilia,refseq,,,GCF_001447785.1_Gekko_japonicus_V1.1_genomic,26345,21205,252046,196646,1,1,1,1,3,3,1,7,7,1,13,12,19,324,324,1.242395661,9.567128487,9.273944824,0.582835848,8.756882916,9.67689138,0.850948135,9.153044521,9.473275924
Parus major,Great Tit,Deuterostomia,Chordata,aves,refseq,,,GCF_001522545.3_Parus_major1.1_genomic,46428,19002,610651,210547,1,1,1,1,5,3,1,10,8,3,17,15,50,299,299,2.443321756,13.15264496,11.08235975,3.404277059,10.65638698,11.30371475,2.884049965,11.83890512,11.19249005
Branchiostoma belcheri,Belcher's lancelet,Deuterostomia,Chordata,cephalochordate,refseq,,,GCF_001625305.1_Haploidv18h27_genomic,36720,25484,408684,245336,1,1,1,1,4,3,1,8,7,1,14,12,50,406,406,1.440904097,11.12973856,9.629257573,1.86074844,12.44729048,11.66670294,1.637424823,11.77009298,10.59913617
Rhincodon typus,whale shark,Deuterostomia,Chordata,chondrichthyes,refseq,,,GCF_001642345.1_ASM164234v2_genomic,34443,27898,266636,204224,1,1,1,1,3,3,1,5,5,1,10,10,26,166,166,1.234604631,7.741369799,7.321062442,0.516858311,7.152910693,7.542694067,0.798821422,7.441325609,7.431052028
Crocodylus porosus,Australian saltwater crocodile,Deuterostomia,Chordata,reptilia,refseq,,,GCF_001723895.1_CroPor_comp1_genomic,34382,19358,410955,198115,1,1,1,1,4,3,1,9,7,2,16,14,33,322,322,1.776113235,11.95262056,10.23483831,1.657862233,10.4740057,11.05768854,1.715969421,11.18891486,10.63831069
Gavialis gangeticus,Gharial,Deuterostomia,Chordata,reptilia,refseq,,,GCF_001723915.1_GavGan_comp1_genomic,32624,18678,390308,191939,1,1,1,1,4,3,1,9,7,2,16,14,36,330,330,1.746653817,11.96383031,10.27706393,1.593365281,10.81089463,11.09151198,1.668249846,11.3727617,10.67652461
Oreochromis niloticus,Nile tilapia,Deuterostomia,Chordata,actinopterygii,refseq,,,GCF_001858045.2_O_niloticus_UMD_NMBU_genomic,79708,41925,876273,372888,1,1,1,1,3,3,1,7,6,2,14,12,50,239,245,1.901204532,10.99353892,8.895122242,2.207218667,13.36407557,10.91329942,2.048505341,12.12099356,9.852671335
Acanthaster planci,crown-of-thorns starfish,Deuterostomia,Echinodermata,echinoderm,refseq,,,GCF_001949145.1_OKI-Apl_1.0_genomic,36222,18201,408629,190918,1,1,1,1,5,4,1,8,8,2,14,14,46,181,182,1.990110433,11.28123792,10.48991814,1.790949811,10.2449792,10.44949124,1.887905693,10.75063011,10.46968518
Oryzias latipes,Japanese medaka,Deuterostomia,Chordata,actinopterygii,refseq,,,GCF_002234675.1_ASM223467v1_genomic,51592,26665,686696,284584,1,1,1,1,5,3,1,10,8,2,17,14,42,255,260,1.934820926,13.3101256,10.67369211,2.066264472,14.66393159,11.12234293,1.999462863,13.97063962,10.89570851
Bos taurus ,cattle,Deuterostomia,Chordata,mammal,refseq,,,GCF_002263795.1_ARS-UCD1.2_genomic,79046,30676,911404,290626,1,1,1,1,4,2,1,8,5,3,16,13,51,335,335,2.576802712,11.5300458,9.478093624,3.987656911,11.988607,12.54448556,3.20552728,11.75709095,10.90402717
Delphinapterus leucas,beluga whale,Deuterostomia,Chordata,mammal,refseq,,,GCF_002288925.2_ASM228892v3_genomic,60359,23860,749299,255575,1,1,1,1,5,3,1,9,7,3,16,15,50,327,327,2.529715004,12.41403933,10.71404023,3.273682691,10.88173457,11.65867542,2.877756804,11.62266238,11.17638213
Equus caballus,horse,Deuterostomia,Chordata,mammal,refseq,,,GCF_002863925.1_EquCab3.0_genomic,78047,30298,938466,290066,1,1,1,1,4,3,1,8,6,3,16,13,50,318,326,2.575978612,12.02436993,9.575516536,3.661499214,17.50851302,11.85432609,3.071146963,14.5096119,10.65416798
Pan troglodytes,chimpanzee,Deuterostomia,Chordata,mammal,refseq,,,GCF_002880755.1_Clint_PTRv2_genomic,103711,34742,1261384,317522,1,1,1,1,4,2,1,9,5,3,16,13,51,360,372,2.985176443,12.16249,9.147832595,5.528727619,15.92272407,13.17472249,4.062539532,13.91617664,10.97816723
Pongo abelii,Sumatran orangutan,Deuterostomia,Chordata,mammal,refseq,,,GCF_002880775.1_Susie_PABv2_genomic,58757,27984,620539,259357,1,1,1,1,4,2,1,8,6,2,14,13,52,313,315,2.099664094,10.56110761,9.27240566,2.681189755,10.06193343,11.51445481,2.372677361,10.30849949,10.3327971
Terrapene carolina triunguis,Three-toed box turtle,Deuterostomia,Chordata,reptilia,refseq,,,GCF_002925995.2_T_m_triunguis-2.0_genomic,36577,24225,388059,229889,1,1,1,1,4,3,1,8,7,1,14,13,50,166,168,1.509886481,10.60937201,9.490361197,1.288564611,10.1526789,9.884394381,1.394842746,10.37851373,9.685374174
Macaca mulatta,Rhesus monkey,Deuterostomia,Chordata,reptilia,refseq,,,GCF_003339765.1_Mmul_10_genomic,88279,34607,1016502,303400,1,1,1,1,4,2,1,8,5,3,16,12,51,339,344,2.550900107,11.51465241,8.769902043,4.539988791,12.28567604,12.73318748,3.40309534,11.89391816,10.56734625
Taeniopygia guttata,zebra finch,Deuterostomia,Chordata,aves,refseq,,,GCF_003957565.2_bTaeGut1.4.pri_genomic,49901,21722,648258,227824,1,1,1,1,4,3,1,10,7,2,17,14,51,300,300,2.297256238,12.99088195,10.4890894,3.66589924,12.67960838,11.52413402,2.901983786,12.83430152,10.99443823
Ornithorhynchus anatinus,platypus,Deuterostomia,Chordata,mammal,refseq,,,GCF_004115215.2_mOrnAna1.pri.v4_genomic,52820,29622,568032,242064,1,1,1,1,3,1,1,7,4,2,15,11,50,228,228,1.783134157,10.75410829,8.172236851,2.154386509,12.15324675,12.24131597,1.95998984,11.43229337,10.00194648
Nomascus leucogenys,northern white-cheeked gibbon,Deuterostomia,Chordata,mammal,refseq,,,GCF_006542625.1_Asia_NLE_v1_genomic,61229,27915,699222,260223,1,1,1,1,4,2,1,8,6,2,15,13,50,346,346,2.193408562,11.41978474,9.325882142,3.197991175,10.68053528,11.92692285,2.648490367,11.04397636,10.54651965
Gorilla gorilla gorilla,western lowland gorilla,Deuterostomia,Chordata,mammal,refseq,,,GCF_008122165.1_Kamilah_GGO_v0_genomic,62834,29124,652410,261266,1,1,1,1,4,2,1,8,6,2,14,12,50,360,360,2.157464634,10.38307286,8.975175113,2.904257775,9.58108692,11.33632805,2.503164684,9.974022436,10.0868989
Callithrix jacchus,white-tufted-ear marmoset,Deuterostomia,Chordata,mammal,refseq,,,GCF_009663435.1_Callithrix_jacchus_cj1700_1.1_genomic,107778,35109,1355835,324957,1,1,1,1,4,2,1,9,5,3,17,13,50,330,332,3.06981116,12.57988643,9.261528383,6.758639431,14.05576895,14.10287536,4.554969456,13.2973673,11.42865611
Fundulus heteroclitus,mummichog/killifish,Deuterostomia,Chordata,actinopterygii,refseq,,,GCF_011125445.2_MU-UCD_Fhet_4.1_genomic,58739,34053,692743,319540,1,1,1,1,4,3,1,8,6,2,16,12,50,258,258,1.724928787,11.79357837,9.384048395,2.006603265,12.72673449,10.79947038,1.860442887,12.25127506,10.06691376
Tursiops truncatus,common bottlenose dolphin,Deuterostomia,Chordata,mammal,refseq,,,GCF_011762595.1_mTurTru1.mat.Y_genomic,68179,25730,808615,264988,1,1,1,1,5,3,1,9,7,3,16,14,50,313,313,2.649786242,11.86017689,10.30209872,3.713299744,9.618587516,12.02743657,3.136789852,10.6807373,11.1313898
Ochotona princeps,American pika,Deuterostomia,Chordata,mammal,refseq,,,GCF_014633375.1_OchPri4.0_genomic,32246,21256,337492,202438,1,1,1,1,4,2,1,8,7,1,14,13,50,313,317,1.517030486,10.46616635,9.524557772,2.081529266,9.757821562,11.05341687,1.777004038,10.10578961,10.26055104
Rattus norvegicus,Brown rat,Deuterostomia,Chordata,mammal,refseq,,,GCF_015227675.2_mRatBN7.2_genomic,100958,34322,1144963,327700,1,1,1,1,4,2,1,8,5,3,15,13,51,336,338,2.941495251,11.34098338,9.553930424,4.686664834,16.70539581,13.19697709,3.712923693,13.76428771,11.22866871
Chelonia mydas,Green sea turtle,Deuterostomia,Chordata,reptilia,refseq,,,GCF_015237465.2_rCheMyd1.pri.v2_genomic,85273,27777,1081353,297371,1,1,1,1,5,3,1,10,7,3,17,15,50,300,300,3.069913958,12.68107138,10.7072398,5.929572436,9.573247419,12.17384336,4.266529876,11.01812297,11.41701625
Anas platyrhynchos,mallard,Deuterostomia,Chordata,aves,refseq,,,GCF_015476345.1_ZJU1.0_genomic,60269,24840,731543,253438,1,1,1,1,4,3,1,9,7,3,16,14,50,323,326,2.426288245,12.13796479,10.20402576,4.262280365,13.84162767,11.66687332,3.215823494,12.96183588,10.91096128
Gallus domesticus,chicken,Deuterostomia,Chordata,aves,refseq,,,GCF_016699485.2_bGalGal1.mat.broiler.GRCg7b_genomic,76288,25228,1000223,269388,1,1,1,1,5,3,1,10,7,3,17,15,51,307,307,3.023941652,13.11114461,10.68126685,6.275489146,13.03761815,12.11393402,4.356226924,13.0743297,11.37506755
Callorhinchus milii,elephant shark,Deuterostomia,Chordata,chondrichthyes,refseq,,,GCF_018977255.1_IMCB_Cmil_1.0_genomic,35020,21244,390835,210136,1,1,1,1,4,3,1,8,7,2,15,13,45,280,280,1.648465449,11.16033695,9.892581435,1.479188417,11.03702044,11.10331613,1.561534821,11.09850743,10.4804799
Pogona vitticeps,central bearded dragon,Deuterostomia,Chordata,reptilia,refseq,,,GCF_900067755.1_pvi1.1_genomic,42697,21573,487637,230750,1,1,1,1,5,4,1,9,8,2,15,14,34,310,310,1.979186947,11.42087266,10.69665786,1.868687576,9.116266883,9.776907983,1.923143795,10.20371125,10.22644805
Takifugu rubripes,torafugu,Deuterostomia,Chordata,actinopterygii,refseq,,,GCF_901000725.2_fTakRub1.2_genomic,54376,26887,708721,293756,1,1,1,1,5,4,1,10,8,2,17,15,45,251,251,2.022390003,13.03370972,10.92594934,2.141622267,12.85476902,10.75677612,2.081152436,12.94393016,10.84103274
Sarcophilus harrisii,Tasmanian devil,Deuterostomia,Chordata,mammal,refseq,,,GCF_902635505.1_mSarHar1.11_genomic,52656,24347,651335,245319,1,1,1,1,4,3,1,9,7,2,16,14,50,325,326,2.162730521,12.36962549,10.07635438,2.861695737,11.95113852,11.41775374,2.487785504,12.15858165,10.7261052